--------------------------------------------------------
--  Fichier créé - mardi-avril-21-2026   
--------------------------------------------------------
--------------------------------------------------------
--  DDL for Sequence SEQ_EF
--------------------------------------------------------

   CREATE SEQUENCE  "ESEN_STUDENT"."SEQ_EF"  MINVALUE 1 MAXVALUE 9999999999999999999999999999 INCREMENT BY 1 START WITH 1041 CACHE 20 NOORDER  NOCYCLE
--------------------------------------------------------
--  DDL for Sequence SEQ_EMOTIONS
--------------------------------------------------------

   CREATE SEQUENCE  "ESEN_STUDENT"."SEQ_EMOTIONS"  MINVALUE 1 MAXVALUE 9999999999999999999999999999 INCREMENT BY 1 START WITH 1321 CACHE 20 NOORDER  NOCYCLE
--------------------------------------------------------
--  DDL for Sequence SEQ_FOODS
--------------------------------------------------------

   CREATE SEQUENCE  "ESEN_STUDENT"."SEQ_FOODS"  MINVALUE 1 MAXVALUE 9999999999999999999999999999 INCREMENT BY 1 START WITH 1261 CACHE 20 NOORDER  NOCYCLE
--------------------------------------------------------
--  DDL for Sequence SEQ_LOG
--------------------------------------------------------

   CREATE SEQUENCE  "ESEN_STUDENT"."SEQ_LOG"  MINVALUE 1 MAXVALUE 9999999999999999999999999999 INCREMENT BY 1 START WITH 1 CACHE 20 NOORDER  NOCYCLE
--------------------------------------------------------
--  DDL for Sequence SEQ_PROFILE
--------------------------------------------------------

   CREATE SEQUENCE  "ESEN_STUDENT"."SEQ_PROFILE"  MINVALUE 1 MAXVALUE 9999999999999999999999999999 INCREMENT BY 1 START WITH 1 CACHE 20 NOORDER  NOCYCLE
--------------------------------------------------------
--  DDL for Sequence SEQ_REC
--------------------------------------------------------

   CREATE SEQUENCE  "ESEN_STUDENT"."SEQ_REC"  MINVALUE 1 MAXVALUE 9999999999999999999999999999 INCREMENT BY 1 START WITH 581 CACHE 20 NOORDER  NOCYCLE
--------------------------------------------------------
--  DDL for Sequence SEQ_UE
--------------------------------------------------------

   CREATE SEQUENCE  "ESEN_STUDENT"."SEQ_UE"  MINVALUE 1 MAXVALUE 9999999999999999999999999999 INCREMENT BY 1 START WITH 1061 CACHE 20 NOORDER  NOCYCLE
--------------------------------------------------------
--  DDL for Sequence SEQ_USERS
--------------------------------------------------------

   CREATE SEQUENCE  "ESEN_STUDENT"."SEQ_USERS"  MINVALUE 1 MAXVALUE 9999999999999999999999999999 INCREMENT BY 1 START WITH 1941 CACHE 20 NOORDER  NOCYCLE
--------------------------------------------------------
--  DDL for Table ACTIVITY_LOG
--------------------------------------------------------

  CREATE TABLE "ESEN_STUDENT"."ACTIVITY_LOG" 
   (	"ID_LOG" NUMBER, 
	"ID_USER" NUMBER, 
	"ACTION" VARCHAR2(255), 
	"LOG_DATE" DATE, 
	 PRIMARY KEY ("ID_LOG")
  USING INDEX PCTFREE 10 INITRANS 2 MAXTRANS 255 COMPUTE STATISTICS 
  STORAGE(INITIAL 65536 NEXT 1048576 MINEXTENTS 1 MAXEXTENTS 2147483645
  PCTINCREASE 0 FREELISTS 1 FREELIST GROUPS 1 BUFFER_POOL DEFAULT FLASH_CACHE DEFAULT CELL_FLASH_CACHE DEFAULT)
  TABLESPACE "SYSTEM"  ENABLE, 
	 CONSTRAINT "FK_LOG_USER" FOREIGN KEY ("ID_USER")
	  REFERENCES "ESEN_STUDENT"."USERS" ("ID_USER") ENABLE
   ) SEGMENT CREATION IMMEDIATE 
  PCTFREE 10 PCTUSED 40 INITRANS 1 MAXTRANS 255 NOCOMPRESS LOGGING
  STORAGE(INITIAL 65536 NEXT 1048576 MINEXTENTS 1 MAXEXTENTS 2147483645
  PCTINCREASE 0 FREELISTS 1 FREELIST GROUPS 1 BUFFER_POOL DEFAULT FLASH_CACHE DEFAULT CELL_FLASH_CACHE DEFAULT)
  TABLESPACE "SYSTEM"
--------------------------------------------------------
--  DDL for Table ADMIN
--------------------------------------------------------

  CREATE TABLE "ESEN_STUDENT"."ADMIN" 
   (	"ID_ADMIN" NUMBER, 
	"ID_USER" NUMBER, 
	 PRIMARY KEY ("ID_ADMIN")
  USING INDEX PCTFREE 10 INITRANS 2 MAXTRANS 255 COMPUTE STATISTICS 
  STORAGE(INITIAL 65536 NEXT 1048576 MINEXTENTS 1 MAXEXTENTS 2147483645
  PCTINCREASE 0 FREELISTS 1 FREELIST GROUPS 1 BUFFER_POOL DEFAULT FLASH_CACHE DEFAULT CELL_FLASH_CACHE DEFAULT)
  TABLESPACE "SYSTEM"  ENABLE, 
	 UNIQUE ("ID_USER")
  USING INDEX PCTFREE 10 INITRANS 2 MAXTRANS 255 COMPUTE STATISTICS 
  STORAGE(INITIAL 65536 NEXT 1048576 MINEXTENTS 1 MAXEXTENTS 2147483645
  PCTINCREASE 0 FREELISTS 1 FREELIST GROUPS 1 BUFFER_POOL DEFAULT FLASH_CACHE DEFAULT CELL_FLASH_CACHE DEFAULT)
  TABLESPACE "SYSTEM"  ENABLE, 
	 CONSTRAINT "FK_ADMIN_USER" FOREIGN KEY ("ID_USER")
	  REFERENCES "ESEN_STUDENT"."USERS" ("ID_USER") ENABLE
   ) SEGMENT CREATION IMMEDIATE 
  PCTFREE 10 PCTUSED 40 INITRANS 1 MAXTRANS 255 NOCOMPRESS LOGGING
  STORAGE(INITIAL 65536 NEXT 1048576 MINEXTENTS 1 MAXEXTENTS 2147483645
  PCTINCREASE 0 FREELISTS 1 FREELIST GROUPS 1 BUFFER_POOL DEFAULT FLASH_CACHE DEFAULT CELL_FLASH_CACHE DEFAULT)
  TABLESPACE "SYSTEM"
--------------------------------------------------------
--  DDL for Table CLIENT
--------------------------------------------------------

  CREATE TABLE "ESEN_STUDENT"."CLIENT" 
   (	"ID_CLIENT" NUMBER, 
	"ID_USER" NUMBER, 
	 PRIMARY KEY ("ID_CLIENT")
  USING INDEX PCTFREE 10 INITRANS 2 MAXTRANS 255 COMPUTE STATISTICS 
  STORAGE(INITIAL 65536 NEXT 1048576 MINEXTENTS 1 MAXEXTENTS 2147483645
  PCTINCREASE 0 FREELISTS 1 FREELIST GROUPS 1 BUFFER_POOL DEFAULT FLASH_CACHE DEFAULT CELL_FLASH_CACHE DEFAULT)
  TABLESPACE "SYSTEM"  ENABLE, 
	 UNIQUE ("ID_USER")
  USING INDEX PCTFREE 10 INITRANS 2 MAXTRANS 255 COMPUTE STATISTICS 
  STORAGE(INITIAL 65536 NEXT 1048576 MINEXTENTS 1 MAXEXTENTS 2147483645
  PCTINCREASE 0 FREELISTS 1 FREELIST GROUPS 1 BUFFER_POOL DEFAULT FLASH_CACHE DEFAULT CELL_FLASH_CACHE DEFAULT)
  TABLESPACE "SYSTEM"  ENABLE, 
	 CONSTRAINT "FK_CLIENT_USER" FOREIGN KEY ("ID_USER")
	  REFERENCES "ESEN_STUDENT"."USERS" ("ID_USER") ENABLE
   ) SEGMENT CREATION IMMEDIATE 
  PCTFREE 10 PCTUSED 40 INITRANS 1 MAXTRANS 255 NOCOMPRESS LOGGING
  STORAGE(INITIAL 65536 NEXT 1048576 MINEXTENTS 1 MAXEXTENTS 2147483645
  PCTINCREASE 0 FREELISTS 1 FREELIST GROUPS 1 BUFFER_POOL DEFAULT FLASH_CACHE DEFAULT CELL_FLASH_CACHE DEFAULT)
  TABLESPACE "SYSTEM"
--------------------------------------------------------
--  DDL for Table EMOTION_FOOD
--------------------------------------------------------

  CREATE TABLE "ESEN_STUDENT"."EMOTION_FOOD" 
   (	"ID_RULE" NUMBER, 
	"ID_EMOTION" NUMBER, 
	"ID_FOOD" NUMBER, 
	"INTENSITY" NUMBER, 
	 PRIMARY KEY ("ID_RULE")
  USING INDEX PCTFREE 10 INITRANS 2 MAXTRANS 255 COMPUTE STATISTICS 
  STORAGE(INITIAL 65536 NEXT 1048576 MINEXTENTS 1 MAXEXTENTS 2147483645
  PCTINCREASE 0 FREELISTS 1 FREELIST GROUPS 1 BUFFER_POOL DEFAULT FLASH_CACHE DEFAULT CELL_FLASH_CACHE DEFAULT)
  TABLESPACE "SYSTEM"  ENABLE, 
	 CONSTRAINT "FK_EF_EMOTION" FOREIGN KEY ("ID_EMOTION")
	  REFERENCES "ESEN_STUDENT"."EMOTIONS" ("ID_EMOTION") ENABLE, 
	 CONSTRAINT "FK_EF_FOOD" FOREIGN KEY ("ID_FOOD")
	  REFERENCES "ESEN_STUDENT"."FOODS" ("ID_FOOD") ENABLE
   ) SEGMENT CREATION IMMEDIATE 
  PCTFREE 10 PCTUSED 40 INITRANS 1 MAXTRANS 255 NOCOMPRESS LOGGING
  STORAGE(INITIAL 65536 NEXT 1048576 MINEXTENTS 1 MAXEXTENTS 2147483645
  PCTINCREASE 0 FREELISTS 1 FREELIST GROUPS 1 BUFFER_POOL DEFAULT FLASH_CACHE DEFAULT CELL_FLASH_CACHE DEFAULT)
  TABLESPACE "SYSTEM"
--------------------------------------------------------
--  DDL for Table EMOTIONS
--------------------------------------------------------

  CREATE TABLE "ESEN_STUDENT"."EMOTIONS" 
   (	"ID_EMOTION" NUMBER, 
	"EMOTION_NAME" VARCHAR2(100), 
	"DESCRIPTION" VARCHAR2(255), 
	 PRIMARY KEY ("ID_EMOTION")
  USING INDEX PCTFREE 10 INITRANS 2 MAXTRANS 255 COMPUTE STATISTICS 
  STORAGE(INITIAL 65536 NEXT 1048576 MINEXTENTS 1 MAXEXTENTS 2147483645
  PCTINCREASE 0 FREELISTS 1 FREELIST GROUPS 1 BUFFER_POOL DEFAULT FLASH_CACHE DEFAULT CELL_FLASH_CACHE DEFAULT)
  TABLESPACE "SYSTEM"  ENABLE
   ) SEGMENT CREATION IMMEDIATE 
  PCTFREE 10 PCTUSED 40 INITRANS 1 MAXTRANS 255 NOCOMPRESS LOGGING
  STORAGE(INITIAL 65536 NEXT 1048576 MINEXTENTS 1 MAXEXTENTS 2147483645
  PCTINCREASE 0 FREELISTS 1 FREELIST GROUPS 1 BUFFER_POOL DEFAULT FLASH_CACHE DEFAULT CELL_FLASH_CACHE DEFAULT)
  TABLESPACE "SYSTEM"
--------------------------------------------------------
--  DDL for Table FOODS
--------------------------------------------------------

  CREATE TABLE "ESEN_STUDENT"."FOODS" 
   (	"ID_FOOD" NUMBER, 
	"FOOD_NAME" VARCHAR2(100), 
	"CATEGORY" VARCHAR2(50), 
	"CALORIES" NUMBER, 
	"PROTEIN" NUMBER, 
	"CARBS" NUMBER, 
	"FAT" NUMBER, 
	"DESCRIPTION" VARCHAR2(255), 
	 PRIMARY KEY ("ID_FOOD")
  USING INDEX PCTFREE 10 INITRANS 2 MAXTRANS 255 COMPUTE STATISTICS 
  STORAGE(INITIAL 65536 NEXT 1048576 MINEXTENTS 1 MAXEXTENTS 2147483645
  PCTINCREASE 0 FREELISTS 1 FREELIST GROUPS 1 BUFFER_POOL DEFAULT FLASH_CACHE DEFAULT CELL_FLASH_CACHE DEFAULT)
  TABLESPACE "SYSTEM"  ENABLE
   ) SEGMENT CREATION IMMEDIATE 
  PCTFREE 10 PCTUSED 40 INITRANS 1 MAXTRANS 255 NOCOMPRESS LOGGING
  STORAGE(INITIAL 65536 NEXT 1048576 MINEXTENTS 1 MAXEXTENTS 2147483645
  PCTINCREASE 0 FREELISTS 1 FREELIST GROUPS 1 BUFFER_POOL DEFAULT FLASH_CACHE DEFAULT CELL_FLASH_CACHE DEFAULT)
  TABLESPACE "SYSTEM"
--------------------------------------------------------
--  DDL for Table RECOMMENDATIONS
--------------------------------------------------------

  CREATE TABLE "ESEN_STUDENT"."RECOMMENDATIONS" 
   (	"ID_REC" NUMBER, 
	"ID_EMOTION" NUMBER, 
	"ID_FOOD" NUMBER, 
	"BENEFIT" VARCHAR2(255), 
	"ID_USER" NUMBER, 
	"RECOMMENDATION_DATE" DATE, 
	 PRIMARY KEY ("ID_REC")
  USING INDEX PCTFREE 10 INITRANS 2 MAXTRANS 255 COMPUTE STATISTICS 
  STORAGE(INITIAL 65536 NEXT 1048576 MINEXTENTS 1 MAXEXTENTS 2147483645
  PCTINCREASE 0 FREELISTS 1 FREELIST GROUPS 1 BUFFER_POOL DEFAULT FLASH_CACHE DEFAULT CELL_FLASH_CACHE DEFAULT)
  TABLESPACE "SYSTEM"  ENABLE, 
	 CONSTRAINT "FK_REC_EMOTION" FOREIGN KEY ("ID_EMOTION")
	  REFERENCES "ESEN_STUDENT"."EMOTIONS" ("ID_EMOTION") ENABLE, 
	 CONSTRAINT "FK_REC_FOOD" FOREIGN KEY ("ID_FOOD")
	  REFERENCES "ESEN_STUDENT"."FOODS" ("ID_FOOD") ENABLE, 
	 CONSTRAINT "FK_REC_USER" FOREIGN KEY ("ID_USER")
	  REFERENCES "ESEN_STUDENT"."USERS" ("ID_USER") ENABLE
   ) SEGMENT CREATION IMMEDIATE 
  PCTFREE 10 PCTUSED 40 INITRANS 1 MAXTRANS 255 NOCOMPRESS LOGGING
  STORAGE(INITIAL 65536 NEXT 1048576 MINEXTENTS 1 MAXEXTENTS 2147483645
  PCTINCREASE 0 FREELISTS 1 FREELIST GROUPS 1 BUFFER_POOL DEFAULT FLASH_CACHE DEFAULT CELL_FLASH_CACHE DEFAULT)
  TABLESPACE "SYSTEM"
--------------------------------------------------------
--  DDL for Table USER_EMOTIONS
--------------------------------------------------------

  CREATE TABLE "ESEN_STUDENT"."USER_EMOTIONS" 
   (	"ID_USER_EMOTION" NUMBER, 
	"ID_USER" NUMBER, 
	"ID_EMOTION" NUMBER, 
	"EMOTION_DATE" DATE, 
	 PRIMARY KEY ("ID_USER_EMOTION")
  USING INDEX PCTFREE 10 INITRANS 2 MAXTRANS 255 
  STORAGE(INITIAL 65536 NEXT 1048576 MINEXTENTS 1 MAXEXTENTS 2147483645
  PCTINCREASE 0 FREELISTS 1 FREELIST GROUPS 1 BUFFER_POOL DEFAULT FLASH_CACHE DEFAULT CELL_FLASH_CACHE DEFAULT)
  TABLESPACE "SYSTEM"  ENABLE, 
	 CONSTRAINT "FK_UE_USER" FOREIGN KEY ("ID_USER")
	  REFERENCES "ESEN_STUDENT"."USERS" ("ID_USER") ENABLE, 
	 CONSTRAINT "FK_UE_EMOTION" FOREIGN KEY ("ID_EMOTION")
	  REFERENCES "ESEN_STUDENT"."EMOTIONS" ("ID_EMOTION") ENABLE
   ) SEGMENT CREATION IMMEDIATE 
  PCTFREE 10 PCTUSED 40 INITRANS 1 MAXTRANS 255 NOCOMPRESS LOGGING
  STORAGE(INITIAL 65536 NEXT 1048576 MINEXTENTS 1 MAXEXTENTS 2147483645
  PCTINCREASE 0 FREELISTS 1 FREELIST GROUPS 1 BUFFER_POOL DEFAULT FLASH_CACHE DEFAULT CELL_FLASH_CACHE DEFAULT)
  TABLESPACE "SYSTEM"
--------------------------------------------------------
--  DDL for Table USER_PROFILE
--------------------------------------------------------

  CREATE TABLE "ESEN_STUDENT"."USER_PROFILE" 
   (	"ID_PROFILE" NUMBER, 
	"ID_USER" NUMBER, 
	"WEIGHT" NUMBER, 
	"HEIGHT" NUMBER, 
	"ALLERGIES" VARCHAR2(255), 
	"GOAL" VARCHAR2(100), 
	 PRIMARY KEY ("ID_PROFILE")
  USING INDEX PCTFREE 10 INITRANS 2 MAXTRANS 255 COMPUTE STATISTICS 
  STORAGE(INITIAL 65536 NEXT 1048576 MINEXTENTS 1 MAXEXTENTS 2147483645
  PCTINCREASE 0 FREELISTS 1 FREELIST GROUPS 1 BUFFER_POOL DEFAULT FLASH_CACHE DEFAULT CELL_FLASH_CACHE DEFAULT)
  TABLESPACE "SYSTEM"  ENABLE, 
	 UNIQUE ("ID_USER")
  USING INDEX PCTFREE 10 INITRANS 2 MAXTRANS 255 COMPUTE STATISTICS 
  STORAGE(INITIAL 65536 NEXT 1048576 MINEXTENTS 1 MAXEXTENTS 2147483645
  PCTINCREASE 0 FREELISTS 1 FREELIST GROUPS 1 BUFFER_POOL DEFAULT FLASH_CACHE DEFAULT CELL_FLASH_CACHE DEFAULT)
  TABLESPACE "SYSTEM"  ENABLE, 
	 CONSTRAINT "FK_PROFILE_USER" FOREIGN KEY ("ID_USER")
	  REFERENCES "ESEN_STUDENT"."USERS" ("ID_USER") ENABLE
   ) SEGMENT CREATION IMMEDIATE 
  PCTFREE 10 PCTUSED 40 INITRANS 1 MAXTRANS 255 NOCOMPRESS LOGGING
  STORAGE(INITIAL 65536 NEXT 1048576 MINEXTENTS 1 MAXEXTENTS 2147483645
  PCTINCREASE 0 FREELISTS 1 FREELIST GROUPS 1 BUFFER_POOL DEFAULT FLASH_CACHE DEFAULT CELL_FLASH_CACHE DEFAULT)
  TABLESPACE "SYSTEM"
--------------------------------------------------------
--  DDL for Table USERS
--------------------------------------------------------

  CREATE TABLE "ESEN_STUDENT"."USERS" 
   (	"ID_USER" NUMBER, 
	"NAME" VARCHAR2(100), 
	"EMAIL" VARCHAR2(100), 
	"PASSWORD" VARCHAR2(255), 
	"ROLE" VARCHAR2(20), 
	"CREATED_AT" DATE, 
	 PRIMARY KEY ("ID_USER")
  USING INDEX PCTFREE 10 INITRANS 2 MAXTRANS 255 COMPUTE STATISTICS 
  STORAGE(INITIAL 65536 NEXT 1048576 MINEXTENTS 1 MAXEXTENTS 2147483645
  PCTINCREASE 0 FREELISTS 1 FREELIST GROUPS 1 BUFFER_POOL DEFAULT FLASH_CACHE DEFAULT CELL_FLASH_CACHE DEFAULT)
  TABLESPACE "SYSTEM"  ENABLE, 
	 UNIQUE ("EMAIL")
  USING INDEX PCTFREE 10 INITRANS 2 MAXTRANS 255 COMPUTE STATISTICS 
  STORAGE(INITIAL 65536 NEXT 1048576 MINEXTENTS 1 MAXEXTENTS 2147483645
  PCTINCREASE 0 FREELISTS 1 FREELIST GROUPS 1 BUFFER_POOL DEFAULT FLASH_CACHE DEFAULT CELL_FLASH_CACHE DEFAULT)
  TABLESPACE "SYSTEM"  ENABLE
   ) SEGMENT CREATION IMMEDIATE 
  PCTFREE 10 PCTUSED 40 INITRANS 1 MAXTRANS 255 NOCOMPRESS LOGGING
  STORAGE(INITIAL 65536 NEXT 1048576 MINEXTENTS 1 MAXEXTENTS 2147483645
  PCTINCREASE 0 FREELISTS 1 FREELIST GROUPS 1 BUFFER_POOL DEFAULT FLASH_CACHE DEFAULT CELL_FLASH_CACHE DEFAULT)
  TABLESPACE "SYSTEM"
REM INSERTING into ESEN_STUDENT.ACTIVITY_LOG
SET DEFINE OFF;
REM INSERTING into ESEN_STUDENT.ADMIN
SET DEFINE OFF;
REM INSERTING into ESEN_STUDENT.CLIENT
SET DEFINE OFF;
REM INSERTING into ESEN_STUDENT.EMOTION_FOOD
SET DEFINE OFF;
Insert into ESEN_STUDENT.EMOTION_FOOD (ID_RULE,ID_EMOTION,ID_FOOD,INTENSITY) values ('1','1','1','5');
Insert into ESEN_STUDENT.EMOTION_FOOD (ID_RULE,ID_EMOTION,ID_FOOD,INTENSITY) values ('21','1','1','5');
Insert into ESEN_STUDENT.EMOTION_FOOD (ID_RULE,ID_EMOTION,ID_FOOD,INTENSITY) values ('41','1','1','5');
Insert into ESEN_STUDENT.EMOTION_FOOD (ID_RULE,ID_EMOTION,ID_FOOD,INTENSITY) values ('61','1','1','5');
Insert into ESEN_STUDENT.EMOTION_FOOD (ID_RULE,ID_EMOTION,ID_FOOD,INTENSITY) values ('81','1','1','5');
Insert into ESEN_STUDENT.EMOTION_FOOD (ID_RULE,ID_EMOTION,ID_FOOD,INTENSITY) values ('101','1','1','5');
Insert into ESEN_STUDENT.EMOTION_FOOD (ID_RULE,ID_EMOTION,ID_FOOD,INTENSITY) values ('121','1','1','5');
Insert into ESEN_STUDENT.EMOTION_FOOD (ID_RULE,ID_EMOTION,ID_FOOD,INTENSITY) values ('141','1','1','5');
Insert into ESEN_STUDENT.EMOTION_FOOD (ID_RULE,ID_EMOTION,ID_FOOD,INTENSITY) values ('161','1','1','5');
Insert into ESEN_STUDENT.EMOTION_FOOD (ID_RULE,ID_EMOTION,ID_FOOD,INTENSITY) values ('181','1','1','5');
Insert into ESEN_STUDENT.EMOTION_FOOD (ID_RULE,ID_EMOTION,ID_FOOD,INTENSITY) values ('201','1','1','5');
Insert into ESEN_STUDENT.EMOTION_FOOD (ID_RULE,ID_EMOTION,ID_FOOD,INTENSITY) values ('221','1','1','5');
Insert into ESEN_STUDENT.EMOTION_FOOD (ID_RULE,ID_EMOTION,ID_FOOD,INTENSITY) values ('241','1','1','5');
Insert into ESEN_STUDENT.EMOTION_FOOD (ID_RULE,ID_EMOTION,ID_FOOD,INTENSITY) values ('261','1','1','5');
Insert into ESEN_STUDENT.EMOTION_FOOD (ID_RULE,ID_EMOTION,ID_FOOD,INTENSITY) values ('281','1','1','5');
Insert into ESEN_STUDENT.EMOTION_FOOD (ID_RULE,ID_EMOTION,ID_FOOD,INTENSITY) values ('301','1','1','5');
Insert into ESEN_STUDENT.EMOTION_FOOD (ID_RULE,ID_EMOTION,ID_FOOD,INTENSITY) values ('321','1','1','5');
Insert into ESEN_STUDENT.EMOTION_FOOD (ID_RULE,ID_EMOTION,ID_FOOD,INTENSITY) values ('341','1','1','5');
Insert into ESEN_STUDENT.EMOTION_FOOD (ID_RULE,ID_EMOTION,ID_FOOD,INTENSITY) values ('361','1','1','5');
Insert into ESEN_STUDENT.EMOTION_FOOD (ID_RULE,ID_EMOTION,ID_FOOD,INTENSITY) values ('381','1','1','5');
Insert into ESEN_STUDENT.EMOTION_FOOD (ID_RULE,ID_EMOTION,ID_FOOD,INTENSITY) values ('401','1','1','5');
Insert into ESEN_STUDENT.EMOTION_FOOD (ID_RULE,ID_EMOTION,ID_FOOD,INTENSITY) values ('421','1','1','5');
Insert into ESEN_STUDENT.EMOTION_FOOD (ID_RULE,ID_EMOTION,ID_FOOD,INTENSITY) values ('441','1','1','5');
Insert into ESEN_STUDENT.EMOTION_FOOD (ID_RULE,ID_EMOTION,ID_FOOD,INTENSITY) values ('461','1','1','5');
Insert into ESEN_STUDENT.EMOTION_FOOD (ID_RULE,ID_EMOTION,ID_FOOD,INTENSITY) values ('481','1','1','5');
Insert into ESEN_STUDENT.EMOTION_FOOD (ID_RULE,ID_EMOTION,ID_FOOD,INTENSITY) values ('501','1','1','5');
Insert into ESEN_STUDENT.EMOTION_FOOD (ID_RULE,ID_EMOTION,ID_FOOD,INTENSITY) values ('521','1','1','5');
Insert into ESEN_STUDENT.EMOTION_FOOD (ID_RULE,ID_EMOTION,ID_FOOD,INTENSITY) values ('541','1','1','5');
Insert into ESEN_STUDENT.EMOTION_FOOD (ID_RULE,ID_EMOTION,ID_FOOD,INTENSITY) values ('561','1','1','5');
Insert into ESEN_STUDENT.EMOTION_FOOD (ID_RULE,ID_EMOTION,ID_FOOD,INTENSITY) values ('581','1','1','5');
Insert into ESEN_STUDENT.EMOTION_FOOD (ID_RULE,ID_EMOTION,ID_FOOD,INTENSITY) values ('601','1','1','5');
Insert into ESEN_STUDENT.EMOTION_FOOD (ID_RULE,ID_EMOTION,ID_FOOD,INTENSITY) values ('621','1','1','5');
Insert into ESEN_STUDENT.EMOTION_FOOD (ID_RULE,ID_EMOTION,ID_FOOD,INTENSITY) values ('641','1','1','5');
Insert into ESEN_STUDENT.EMOTION_FOOD (ID_RULE,ID_EMOTION,ID_FOOD,INTENSITY) values ('661','1','1','5');
Insert into ESEN_STUDENT.EMOTION_FOOD (ID_RULE,ID_EMOTION,ID_FOOD,INTENSITY) values ('681','1','1','5');
Insert into ESEN_STUDENT.EMOTION_FOOD (ID_RULE,ID_EMOTION,ID_FOOD,INTENSITY) values ('701','1','1','5');
Insert into ESEN_STUDENT.EMOTION_FOOD (ID_RULE,ID_EMOTION,ID_FOOD,INTENSITY) values ('721','1','1','5');
Insert into ESEN_STUDENT.EMOTION_FOOD (ID_RULE,ID_EMOTION,ID_FOOD,INTENSITY) values ('741','1','1','5');
Insert into ESEN_STUDENT.EMOTION_FOOD (ID_RULE,ID_EMOTION,ID_FOOD,INTENSITY) values ('761','1','1','5');
Insert into ESEN_STUDENT.EMOTION_FOOD (ID_RULE,ID_EMOTION,ID_FOOD,INTENSITY) values ('781','1','1','5');
Insert into ESEN_STUDENT.EMOTION_FOOD (ID_RULE,ID_EMOTION,ID_FOOD,INTENSITY) values ('801','1','1','5');
Insert into ESEN_STUDENT.EMOTION_FOOD (ID_RULE,ID_EMOTION,ID_FOOD,INTENSITY) values ('821','1','1','5');
Insert into ESEN_STUDENT.EMOTION_FOOD (ID_RULE,ID_EMOTION,ID_FOOD,INTENSITY) values ('841','1','1','5');
Insert into ESEN_STUDENT.EMOTION_FOOD (ID_RULE,ID_EMOTION,ID_FOOD,INTENSITY) values ('861','1','1','5');
Insert into ESEN_STUDENT.EMOTION_FOOD (ID_RULE,ID_EMOTION,ID_FOOD,INTENSITY) values ('881','1','1','5');
Insert into ESEN_STUDENT.EMOTION_FOOD (ID_RULE,ID_EMOTION,ID_FOOD,INTENSITY) values ('901','1','1','5');
Insert into ESEN_STUDENT.EMOTION_FOOD (ID_RULE,ID_EMOTION,ID_FOOD,INTENSITY) values ('921','1','1','5');
Insert into ESEN_STUDENT.EMOTION_FOOD (ID_RULE,ID_EMOTION,ID_FOOD,INTENSITY) values ('941','1','1','5');
Insert into ESEN_STUDENT.EMOTION_FOOD (ID_RULE,ID_EMOTION,ID_FOOD,INTENSITY) values ('961','1','1','5');
Insert into ESEN_STUDENT.EMOTION_FOOD (ID_RULE,ID_EMOTION,ID_FOOD,INTENSITY) values ('981','1','1','5');
Insert into ESEN_STUDENT.EMOTION_FOOD (ID_RULE,ID_EMOTION,ID_FOOD,INTENSITY) values ('1001','1','1','5');
Insert into ESEN_STUDENT.EMOTION_FOOD (ID_RULE,ID_EMOTION,ID_FOOD,INTENSITY) values ('1021','1','1','5');
REM INSERTING into ESEN_STUDENT.EMOTIONS
SET DEFINE OFF;
Insert into ESEN_STUDENT.EMOTIONS (ID_EMOTION,EMOTION_NAME,DESCRIPTION) values ('1','Very Happy',null);
Insert into ESEN_STUDENT.EMOTIONS (ID_EMOTION,EMOTION_NAME,DESCRIPTION) values ('21','Happy',null);
Insert into ESEN_STUDENT.EMOTIONS (ID_EMOTION,EMOTION_NAME,DESCRIPTION) values ('41','Happy',null);
Insert into ESEN_STUDENT.EMOTIONS (ID_EMOTION,EMOTION_NAME,DESCRIPTION) values ('61','Happy',null);
Insert into ESEN_STUDENT.EMOTIONS (ID_EMOTION,EMOTION_NAME,DESCRIPTION) values ('81','Happy',null);
Insert into ESEN_STUDENT.EMOTIONS (ID_EMOTION,EMOTION_NAME,DESCRIPTION) values ('101','Happy',null);
Insert into ESEN_STUDENT.EMOTIONS (ID_EMOTION,EMOTION_NAME,DESCRIPTION) values ('121','Happy',null);
Insert into ESEN_STUDENT.EMOTIONS (ID_EMOTION,EMOTION_NAME,DESCRIPTION) values ('141','Happy',null);
Insert into ESEN_STUDENT.EMOTIONS (ID_EMOTION,EMOTION_NAME,DESCRIPTION) values ('161','Happy',null);
Insert into ESEN_STUDENT.EMOTIONS (ID_EMOTION,EMOTION_NAME,DESCRIPTION) values ('181','Happy',null);
Insert into ESEN_STUDENT.EMOTIONS (ID_EMOTION,EMOTION_NAME,DESCRIPTION) values ('201','Happy',null);
Insert into ESEN_STUDENT.EMOTIONS (ID_EMOTION,EMOTION_NAME,DESCRIPTION) values ('221','Happy',null);
Insert into ESEN_STUDENT.EMOTIONS (ID_EMOTION,EMOTION_NAME,DESCRIPTION) values ('241','Happy',null);
Insert into ESEN_STUDENT.EMOTIONS (ID_EMOTION,EMOTION_NAME,DESCRIPTION) values ('261','Happy',null);
Insert into ESEN_STUDENT.EMOTIONS (ID_EMOTION,EMOTION_NAME,DESCRIPTION) values ('281','Happy',null);
Insert into ESEN_STUDENT.EMOTIONS (ID_EMOTION,EMOTION_NAME,DESCRIPTION) values ('301','Happy',null);
Insert into ESEN_STUDENT.EMOTIONS (ID_EMOTION,EMOTION_NAME,DESCRIPTION) values ('321','Happy',null);
Insert into ESEN_STUDENT.EMOTIONS (ID_EMOTION,EMOTION_NAME,DESCRIPTION) values ('341','Happy',null);
Insert into ESEN_STUDENT.EMOTIONS (ID_EMOTION,EMOTION_NAME,DESCRIPTION) values ('361','Happy',null);
Insert into ESEN_STUDENT.EMOTIONS (ID_EMOTION,EMOTION_NAME,DESCRIPTION) values ('381','Happy',null);
Insert into ESEN_STUDENT.EMOTIONS (ID_EMOTION,EMOTION_NAME,DESCRIPTION) values ('401','Happy',null);
Insert into ESEN_STUDENT.EMOTIONS (ID_EMOTION,EMOTION_NAME,DESCRIPTION) values ('421','Happy',null);
Insert into ESEN_STUDENT.EMOTIONS (ID_EMOTION,EMOTION_NAME,DESCRIPTION) values ('441','Happy',null);
Insert into ESEN_STUDENT.EMOTIONS (ID_EMOTION,EMOTION_NAME,DESCRIPTION) values ('461','Happy',null);
Insert into ESEN_STUDENT.EMOTIONS (ID_EMOTION,EMOTION_NAME,DESCRIPTION) values ('481','Happy',null);
Insert into ESEN_STUDENT.EMOTIONS (ID_EMOTION,EMOTION_NAME,DESCRIPTION) values ('501','Happy',null);
Insert into ESEN_STUDENT.EMOTIONS (ID_EMOTION,EMOTION_NAME,DESCRIPTION) values ('521','Happy',null);
Insert into ESEN_STUDENT.EMOTIONS (ID_EMOTION,EMOTION_NAME,DESCRIPTION) values ('541','Happy',null);
Insert into ESEN_STUDENT.EMOTIONS (ID_EMOTION,EMOTION_NAME,DESCRIPTION) values ('561','Happy',null);
Insert into ESEN_STUDENT.EMOTIONS (ID_EMOTION,EMOTION_NAME,DESCRIPTION) values ('581','Happy',null);
Insert into ESEN_STUDENT.EMOTIONS (ID_EMOTION,EMOTION_NAME,DESCRIPTION) values ('601','Happy',null);
Insert into ESEN_STUDENT.EMOTIONS (ID_EMOTION,EMOTION_NAME,DESCRIPTION) values ('621','Happy',null);
Insert into ESEN_STUDENT.EMOTIONS (ID_EMOTION,EMOTION_NAME,DESCRIPTION) values ('641','Happy',null);
Insert into ESEN_STUDENT.EMOTIONS (ID_EMOTION,EMOTION_NAME,DESCRIPTION) values ('661','Happy',null);
Insert into ESEN_STUDENT.EMOTIONS (ID_EMOTION,EMOTION_NAME,DESCRIPTION) values ('681','Happy',null);
Insert into ESEN_STUDENT.EMOTIONS (ID_EMOTION,EMOTION_NAME,DESCRIPTION) values ('701','Happy',null);
Insert into ESEN_STUDENT.EMOTIONS (ID_EMOTION,EMOTION_NAME,DESCRIPTION) values ('721','Happy',null);
Insert into ESEN_STUDENT.EMOTIONS (ID_EMOTION,EMOTION_NAME,DESCRIPTION) values ('741','Happy',null);
Insert into ESEN_STUDENT.EMOTIONS (ID_EMOTION,EMOTION_NAME,DESCRIPTION) values ('761','Happy',null);
Insert into ESEN_STUDENT.EMOTIONS (ID_EMOTION,EMOTION_NAME,DESCRIPTION) values ('781','Happy',null);
Insert into ESEN_STUDENT.EMOTIONS (ID_EMOTION,EMOTION_NAME,DESCRIPTION) values ('801','Happy',null);
Insert into ESEN_STUDENT.EMOTIONS (ID_EMOTION,EMOTION_NAME,DESCRIPTION) values ('821','Happy',null);
Insert into ESEN_STUDENT.EMOTIONS (ID_EMOTION,EMOTION_NAME,DESCRIPTION) values ('841','Happy',null);
Insert into ESEN_STUDENT.EMOTIONS (ID_EMOTION,EMOTION_NAME,DESCRIPTION) values ('861','Happy',null);
Insert into ESEN_STUDENT.EMOTIONS (ID_EMOTION,EMOTION_NAME,DESCRIPTION) values ('881','Happy',null);
Insert into ESEN_STUDENT.EMOTIONS (ID_EMOTION,EMOTION_NAME,DESCRIPTION) values ('901','Happy',null);
Insert into ESEN_STUDENT.EMOTIONS (ID_EMOTION,EMOTION_NAME,DESCRIPTION) values ('921','Happy',null);
Insert into ESEN_STUDENT.EMOTIONS (ID_EMOTION,EMOTION_NAME,DESCRIPTION) values ('941','Happy',null);
Insert into ESEN_STUDENT.EMOTIONS (ID_EMOTION,EMOTION_NAME,DESCRIPTION) values ('961','Happy',null);
Insert into ESEN_STUDENT.EMOTIONS (ID_EMOTION,EMOTION_NAME,DESCRIPTION) values ('981','Happy',null);
Insert into ESEN_STUDENT.EMOTIONS (ID_EMOTION,EMOTION_NAME,DESCRIPTION) values ('1001','Happy',null);
Insert into ESEN_STUDENT.EMOTIONS (ID_EMOTION,EMOTION_NAME,DESCRIPTION) values ('1021','Happy',null);
Insert into ESEN_STUDENT.EMOTIONS (ID_EMOTION,EMOTION_NAME,DESCRIPTION) values ('1041','Happy',null);
Insert into ESEN_STUDENT.EMOTIONS (ID_EMOTION,EMOTION_NAME,DESCRIPTION) values ('1061','Happy',null);
Insert into ESEN_STUDENT.EMOTIONS (ID_EMOTION,EMOTION_NAME,DESCRIPTION) values ('1081','Happy',null);
Insert into ESEN_STUDENT.EMOTIONS (ID_EMOTION,EMOTION_NAME,DESCRIPTION) values ('1101','Happy',null);
Insert into ESEN_STUDENT.EMOTIONS (ID_EMOTION,EMOTION_NAME,DESCRIPTION) values ('1121','Happy',null);
Insert into ESEN_STUDENT.EMOTIONS (ID_EMOTION,EMOTION_NAME,DESCRIPTION) values ('1141','Happy',null);
Insert into ESEN_STUDENT.EMOTIONS (ID_EMOTION,EMOTION_NAME,DESCRIPTION) values ('1161','Happy',null);
Insert into ESEN_STUDENT.EMOTIONS (ID_EMOTION,EMOTION_NAME,DESCRIPTION) values ('1181','Happy',null);
Insert into ESEN_STUDENT.EMOTIONS (ID_EMOTION,EMOTION_NAME,DESCRIPTION) values ('1201','Happy',null);
Insert into ESEN_STUDENT.EMOTIONS (ID_EMOTION,EMOTION_NAME,DESCRIPTION) values ('1221','Happy',null);
Insert into ESEN_STUDENT.EMOTIONS (ID_EMOTION,EMOTION_NAME,DESCRIPTION) values ('1241','Happy',null);
Insert into ESEN_STUDENT.EMOTIONS (ID_EMOTION,EMOTION_NAME,DESCRIPTION) values ('1261','Happy',null);
Insert into ESEN_STUDENT.EMOTIONS (ID_EMOTION,EMOTION_NAME,DESCRIPTION) values ('1281','Happy',null);
Insert into ESEN_STUDENT.EMOTIONS (ID_EMOTION,EMOTION_NAME,DESCRIPTION) values ('1301','Happy',null);
REM INSERTING into ESEN_STUDENT.FOODS
SET DEFINE OFF;
Insert into ESEN_STUDENT.FOODS (ID_FOOD,FOOD_NAME,CATEGORY,CALORIES,PROTEIN,CARBS,FAT,DESCRIPTION) values ('1','Apple','Fruit','1','23','90','0',null);
Insert into ESEN_STUDENT.FOODS (ID_FOOD,FOOD_NAME,CATEGORY,CALORIES,PROTEIN,CARBS,FAT,DESCRIPTION) values ('21','Banana','Fruit','1','23','90','0',null);
Insert into ESEN_STUDENT.FOODS (ID_FOOD,FOOD_NAME,CATEGORY,CALORIES,PROTEIN,CARBS,FAT,DESCRIPTION) values ('41','Banana','Fruit','1','23','90','0',null);
Insert into ESEN_STUDENT.FOODS (ID_FOOD,FOOD_NAME,CATEGORY,CALORIES,PROTEIN,CARBS,FAT,DESCRIPTION) values ('61','Banana','Fruit','1','23','90','0',null);
Insert into ESEN_STUDENT.FOODS (ID_FOOD,FOOD_NAME,CATEGORY,CALORIES,PROTEIN,CARBS,FAT,DESCRIPTION) values ('81','Banana','Fruit','1','23','90','0',null);
Insert into ESEN_STUDENT.FOODS (ID_FOOD,FOOD_NAME,CATEGORY,CALORIES,PROTEIN,CARBS,FAT,DESCRIPTION) values ('101','Banana','Fruit','1','23','90','0',null);
Insert into ESEN_STUDENT.FOODS (ID_FOOD,FOOD_NAME,CATEGORY,CALORIES,PROTEIN,CARBS,FAT,DESCRIPTION) values ('121','Banana','Fruit','1','23','90','0',null);
Insert into ESEN_STUDENT.FOODS (ID_FOOD,FOOD_NAME,CATEGORY,CALORIES,PROTEIN,CARBS,FAT,DESCRIPTION) values ('141','Banana','Fruit','1','23','90','0',null);
Insert into ESEN_STUDENT.FOODS (ID_FOOD,FOOD_NAME,CATEGORY,CALORIES,PROTEIN,CARBS,FAT,DESCRIPTION) values ('161','Banana','Fruit','1','23','90','0',null);
Insert into ESEN_STUDENT.FOODS (ID_FOOD,FOOD_NAME,CATEGORY,CALORIES,PROTEIN,CARBS,FAT,DESCRIPTION) values ('181','Banana','Fruit','1','23','90','0',null);
Insert into ESEN_STUDENT.FOODS (ID_FOOD,FOOD_NAME,CATEGORY,CALORIES,PROTEIN,CARBS,FAT,DESCRIPTION) values ('201','Banana','Fruit','1','23','90','0',null);
Insert into ESEN_STUDENT.FOODS (ID_FOOD,FOOD_NAME,CATEGORY,CALORIES,PROTEIN,CARBS,FAT,DESCRIPTION) values ('221','Banana','Fruit','1','23','90','0',null);
Insert into ESEN_STUDENT.FOODS (ID_FOOD,FOOD_NAME,CATEGORY,CALORIES,PROTEIN,CARBS,FAT,DESCRIPTION) values ('241','Banana','Fruit','1','23','90','0',null);
Insert into ESEN_STUDENT.FOODS (ID_FOOD,FOOD_NAME,CATEGORY,CALORIES,PROTEIN,CARBS,FAT,DESCRIPTION) values ('261','Banana','Fruit','1','23','90','0',null);
Insert into ESEN_STUDENT.FOODS (ID_FOOD,FOOD_NAME,CATEGORY,CALORIES,PROTEIN,CARBS,FAT,DESCRIPTION) values ('281','Banana','Fruit','1','23','90','0',null);
Insert into ESEN_STUDENT.FOODS (ID_FOOD,FOOD_NAME,CATEGORY,CALORIES,PROTEIN,CARBS,FAT,DESCRIPTION) values ('301','Banana','Fruit','1','23','90','0',null);
Insert into ESEN_STUDENT.FOODS (ID_FOOD,FOOD_NAME,CATEGORY,CALORIES,PROTEIN,CARBS,FAT,DESCRIPTION) values ('321','Banana','Fruit','1','23','90','0',null);
Insert into ESEN_STUDENT.FOODS (ID_FOOD,FOOD_NAME,CATEGORY,CALORIES,PROTEIN,CARBS,FAT,DESCRIPTION) values ('341','Banana','Fruit','1','23','90','0',null);
Insert into ESEN_STUDENT.FOODS (ID_FOOD,FOOD_NAME,CATEGORY,CALORIES,PROTEIN,CARBS,FAT,DESCRIPTION) values ('361','Banana','Fruit','1','23','90','0',null);
Insert into ESEN_STUDENT.FOODS (ID_FOOD,FOOD_NAME,CATEGORY,CALORIES,PROTEIN,CARBS,FAT,DESCRIPTION) values ('381','Banana','Fruit','1','23','90','0',null);
Insert into ESEN_STUDENT.FOODS (ID_FOOD,FOOD_NAME,CATEGORY,CALORIES,PROTEIN,CARBS,FAT,DESCRIPTION) values ('401','Banana','Fruit','1','23','90','0',null);
Insert into ESEN_STUDENT.FOODS (ID_FOOD,FOOD_NAME,CATEGORY,CALORIES,PROTEIN,CARBS,FAT,DESCRIPTION) values ('421','Banana','Fruit','1','23','90','0',null);
Insert into ESEN_STUDENT.FOODS (ID_FOOD,FOOD_NAME,CATEGORY,CALORIES,PROTEIN,CARBS,FAT,DESCRIPTION) values ('441','Banana','Fruit','1','23','90','0',null);
Insert into ESEN_STUDENT.FOODS (ID_FOOD,FOOD_NAME,CATEGORY,CALORIES,PROTEIN,CARBS,FAT,DESCRIPTION) values ('461','Banana','Fruit','1','23','90','0',null);
Insert into ESEN_STUDENT.FOODS (ID_FOOD,FOOD_NAME,CATEGORY,CALORIES,PROTEIN,CARBS,FAT,DESCRIPTION) values ('481','Banana','Fruit','1','23','90','0',null);
Insert into ESEN_STUDENT.FOODS (ID_FOOD,FOOD_NAME,CATEGORY,CALORIES,PROTEIN,CARBS,FAT,DESCRIPTION) values ('501','Banana','Fruit','1','23','90','0',null);
Insert into ESEN_STUDENT.FOODS (ID_FOOD,FOOD_NAME,CATEGORY,CALORIES,PROTEIN,CARBS,FAT,DESCRIPTION) values ('521','Banana','Fruit','1','23','90','0',null);
Insert into ESEN_STUDENT.FOODS (ID_FOOD,FOOD_NAME,CATEGORY,CALORIES,PROTEIN,CARBS,FAT,DESCRIPTION) values ('541','Banana','Fruit','1','23','90','0',null);
Insert into ESEN_STUDENT.FOODS (ID_FOOD,FOOD_NAME,CATEGORY,CALORIES,PROTEIN,CARBS,FAT,DESCRIPTION) values ('561','Banana','Fruit','1','23','90','0',null);
Insert into ESEN_STUDENT.FOODS (ID_FOOD,FOOD_NAME,CATEGORY,CALORIES,PROTEIN,CARBS,FAT,DESCRIPTION) values ('581','Banana','Fruit','1','23','90','0',null);
Insert into ESEN_STUDENT.FOODS (ID_FOOD,FOOD_NAME,CATEGORY,CALORIES,PROTEIN,CARBS,FAT,DESCRIPTION) values ('601','Banana','Fruit','1','23','90','0',null);
Insert into ESEN_STUDENT.FOODS (ID_FOOD,FOOD_NAME,CATEGORY,CALORIES,PROTEIN,CARBS,FAT,DESCRIPTION) values ('621','Banana','Fruit','1','23','90','0',null);
Insert into ESEN_STUDENT.FOODS (ID_FOOD,FOOD_NAME,CATEGORY,CALORIES,PROTEIN,CARBS,FAT,DESCRIPTION) values ('641','Banana','Fruit','1','23','90','0',null);
Insert into ESEN_STUDENT.FOODS (ID_FOOD,FOOD_NAME,CATEGORY,CALORIES,PROTEIN,CARBS,FAT,DESCRIPTION) values ('661','Banana','Fruit','1','23','90','0',null);
Insert into ESEN_STUDENT.FOODS (ID_FOOD,FOOD_NAME,CATEGORY,CALORIES,PROTEIN,CARBS,FAT,DESCRIPTION) values ('681','Banana','Fruit','1','23','90','0',null);
Insert into ESEN_STUDENT.FOODS (ID_FOOD,FOOD_NAME,CATEGORY,CALORIES,PROTEIN,CARBS,FAT,DESCRIPTION) values ('701','Banana','Fruit','1','23','90','0',null);
Insert into ESEN_STUDENT.FOODS (ID_FOOD,FOOD_NAME,CATEGORY,CALORIES,PROTEIN,CARBS,FAT,DESCRIPTION) values ('721','Banana','Fruit','1','23','90','0',null);
Insert into ESEN_STUDENT.FOODS (ID_FOOD,FOOD_NAME,CATEGORY,CALORIES,PROTEIN,CARBS,FAT,DESCRIPTION) values ('741','Banana','Fruit','1','23','90','0',null);
Insert into ESEN_STUDENT.FOODS (ID_FOOD,FOOD_NAME,CATEGORY,CALORIES,PROTEIN,CARBS,FAT,DESCRIPTION) values ('761','Banana','Fruit','1','23','90','0',null);
Insert into ESEN_STUDENT.FOODS (ID_FOOD,FOOD_NAME,CATEGORY,CALORIES,PROTEIN,CARBS,FAT,DESCRIPTION) values ('781','Banana','Fruit','1','23','90','0',null);
Insert into ESEN_STUDENT.FOODS (ID_FOOD,FOOD_NAME,CATEGORY,CALORIES,PROTEIN,CARBS,FAT,DESCRIPTION) values ('801','Banana','Fruit','1','23','90','0',null);
Insert into ESEN_STUDENT.FOODS (ID_FOOD,FOOD_NAME,CATEGORY,CALORIES,PROTEIN,CARBS,FAT,DESCRIPTION) values ('821','Banana','Fruit','1','23','90','0',null);
Insert into ESEN_STUDENT.FOODS (ID_FOOD,FOOD_NAME,CATEGORY,CALORIES,PROTEIN,CARBS,FAT,DESCRIPTION) values ('841','Banana','Fruit','1','23','90','0',null);
Insert into ESEN_STUDENT.FOODS (ID_FOOD,FOOD_NAME,CATEGORY,CALORIES,PROTEIN,CARBS,FAT,DESCRIPTION) values ('861','Banana','Fruit','1','23','90','0',null);
Insert into ESEN_STUDENT.FOODS (ID_FOOD,FOOD_NAME,CATEGORY,CALORIES,PROTEIN,CARBS,FAT,DESCRIPTION) values ('881','Banana','Fruit','1','23','90','0',null);
Insert into ESEN_STUDENT.FOODS (ID_FOOD,FOOD_NAME,CATEGORY,CALORIES,PROTEIN,CARBS,FAT,DESCRIPTION) values ('901','Banana','Fruit','1','23','90','0',null);
Insert into ESEN_STUDENT.FOODS (ID_FOOD,FOOD_NAME,CATEGORY,CALORIES,PROTEIN,CARBS,FAT,DESCRIPTION) values ('921','Banana','Fruit','1','23','90','0',null);
Insert into ESEN_STUDENT.FOODS (ID_FOOD,FOOD_NAME,CATEGORY,CALORIES,PROTEIN,CARBS,FAT,DESCRIPTION) values ('941','Banana','Fruit','1','23','90','0',null);
Insert into ESEN_STUDENT.FOODS (ID_FOOD,FOOD_NAME,CATEGORY,CALORIES,PROTEIN,CARBS,FAT,DESCRIPTION) values ('961','Banana','Fruit','1','23','90','0',null);
Insert into ESEN_STUDENT.FOODS (ID_FOOD,FOOD_NAME,CATEGORY,CALORIES,PROTEIN,CARBS,FAT,DESCRIPTION) values ('981','Banana','Fruit','1','23','90','0',null);
Insert into ESEN_STUDENT.FOODS (ID_FOOD,FOOD_NAME,CATEGORY,CALORIES,PROTEIN,CARBS,FAT,DESCRIPTION) values ('1001','Banana','Fruit','1','23','90','0',null);
Insert into ESEN_STUDENT.FOODS (ID_FOOD,FOOD_NAME,CATEGORY,CALORIES,PROTEIN,CARBS,FAT,DESCRIPTION) values ('1021','Banana','Fruit','1','23','90','0',null);
Insert into ESEN_STUDENT.FOODS (ID_FOOD,FOOD_NAME,CATEGORY,CALORIES,PROTEIN,CARBS,FAT,DESCRIPTION) values ('1041','Banana','Fruit','1','23','90','0',null);
Insert into ESEN_STUDENT.FOODS (ID_FOOD,FOOD_NAME,CATEGORY,CALORIES,PROTEIN,CARBS,FAT,DESCRIPTION) values ('1061','Banana','Fruit','1','23','90','0',null);
Insert into ESEN_STUDENT.FOODS (ID_FOOD,FOOD_NAME,CATEGORY,CALORIES,PROTEIN,CARBS,FAT,DESCRIPTION) values ('1081','Banana','Fruit','1','23','90','0',null);
Insert into ESEN_STUDENT.FOODS (ID_FOOD,FOOD_NAME,CATEGORY,CALORIES,PROTEIN,CARBS,FAT,DESCRIPTION) values ('1101','Banana','Fruit','1','23','90','0',null);
Insert into ESEN_STUDENT.FOODS (ID_FOOD,FOOD_NAME,CATEGORY,CALORIES,PROTEIN,CARBS,FAT,DESCRIPTION) values ('1121','Banana','Fruit','1','23','90','0',null);
Insert into ESEN_STUDENT.FOODS (ID_FOOD,FOOD_NAME,CATEGORY,CALORIES,PROTEIN,CARBS,FAT,DESCRIPTION) values ('1141','Banana','Fruit','1','23','90','0',null);
Insert into ESEN_STUDENT.FOODS (ID_FOOD,FOOD_NAME,CATEGORY,CALORIES,PROTEIN,CARBS,FAT,DESCRIPTION) values ('1161','Banana','Fruit','1','23','90','0',null);
Insert into ESEN_STUDENT.FOODS (ID_FOOD,FOOD_NAME,CATEGORY,CALORIES,PROTEIN,CARBS,FAT,DESCRIPTION) values ('1181','Banana','Fruit','1','23','90','0',null);
Insert into ESEN_STUDENT.FOODS (ID_FOOD,FOOD_NAME,CATEGORY,CALORIES,PROTEIN,CARBS,FAT,DESCRIPTION) values ('1201','Banana','Fruit','1','23','90','0',null);
Insert into ESEN_STUDENT.FOODS (ID_FOOD,FOOD_NAME,CATEGORY,CALORIES,PROTEIN,CARBS,FAT,DESCRIPTION) values ('1221','Banana','Fruit','1','23','90','0',null);
Insert into ESEN_STUDENT.FOODS (ID_FOOD,FOOD_NAME,CATEGORY,CALORIES,PROTEIN,CARBS,FAT,DESCRIPTION) values ('1241','Banana','Fruit','1','23','90','0',null);
REM INSERTING into ESEN_STUDENT.RECOMMENDATIONS
SET DEFINE OFF;
Insert into ESEN_STUDENT.RECOMMENDATIONS (ID_REC,ID_EMOTION,ID_FOOD,BENEFIT,ID_USER,RECOMMENDATION_DATE) values ('403','1','1','Good for energy','1',to_date('21/04/26','DD/MM/RR'));
Insert into ESEN_STUDENT.RECOMMENDATIONS (ID_REC,ID_EMOTION,ID_FOOD,BENEFIT,ID_USER,RECOMMENDATION_DATE) values ('21','1','1','Energy boost','1',to_date('21/04/26','DD/MM/RR'));
Insert into ESEN_STUDENT.RECOMMENDATIONS (ID_REC,ID_EMOTION,ID_FOOD,BENEFIT,ID_USER,RECOMMENDATION_DATE) values ('41','1','1','Energy boost','1',to_date('21/04/26','DD/MM/RR'));
Insert into ESEN_STUDENT.RECOMMENDATIONS (ID_REC,ID_EMOTION,ID_FOOD,BENEFIT,ID_USER,RECOMMENDATION_DATE) values ('61','1','1','Energy boost','1',to_date('21/04/26','DD/MM/RR'));
Insert into ESEN_STUDENT.RECOMMENDATIONS (ID_REC,ID_EMOTION,ID_FOOD,BENEFIT,ID_USER,RECOMMENDATION_DATE) values ('81','1','1','Energy boost','1',to_date('21/04/26','DD/MM/RR'));
Insert into ESEN_STUDENT.RECOMMENDATIONS (ID_REC,ID_EMOTION,ID_FOOD,BENEFIT,ID_USER,RECOMMENDATION_DATE) values ('101','1','1','Energy boost','1',to_date('21/04/26','DD/MM/RR'));
Insert into ESEN_STUDENT.RECOMMENDATIONS (ID_REC,ID_EMOTION,ID_FOOD,BENEFIT,ID_USER,RECOMMENDATION_DATE) values ('121','1','1','Energy boost','1',to_date('21/04/26','DD/MM/RR'));
Insert into ESEN_STUDENT.RECOMMENDATIONS (ID_REC,ID_EMOTION,ID_FOOD,BENEFIT,ID_USER,RECOMMENDATION_DATE) values ('141','1','1','Energy boost','1',to_date('21/04/26','DD/MM/RR'));
Insert into ESEN_STUDENT.RECOMMENDATIONS (ID_REC,ID_EMOTION,ID_FOOD,BENEFIT,ID_USER,RECOMMENDATION_DATE) values ('161','1','1','Energy boost','1',to_date('21/04/26','DD/MM/RR'));
Insert into ESEN_STUDENT.RECOMMENDATIONS (ID_REC,ID_EMOTION,ID_FOOD,BENEFIT,ID_USER,RECOMMENDATION_DATE) values ('181','1','1','Energy boost','1',to_date('21/04/26','DD/MM/RR'));
Insert into ESEN_STUDENT.RECOMMENDATIONS (ID_REC,ID_EMOTION,ID_FOOD,BENEFIT,ID_USER,RECOMMENDATION_DATE) values ('201','1','1','Energy boost','1',to_date('21/04/26','DD/MM/RR'));
Insert into ESEN_STUDENT.RECOMMENDATIONS (ID_REC,ID_EMOTION,ID_FOOD,BENEFIT,ID_USER,RECOMMENDATION_DATE) values ('221','1','1','Energy boost','1',to_date('21/04/26','DD/MM/RR'));
Insert into ESEN_STUDENT.RECOMMENDATIONS (ID_REC,ID_EMOTION,ID_FOOD,BENEFIT,ID_USER,RECOMMENDATION_DATE) values ('241','1','1','Energy boost','1',to_date('21/04/26','DD/MM/RR'));
Insert into ESEN_STUDENT.RECOMMENDATIONS (ID_REC,ID_EMOTION,ID_FOOD,BENEFIT,ID_USER,RECOMMENDATION_DATE) values ('261','1','1','Energy boost','1',to_date('21/04/26','DD/MM/RR'));
Insert into ESEN_STUDENT.RECOMMENDATIONS (ID_REC,ID_EMOTION,ID_FOOD,BENEFIT,ID_USER,RECOMMENDATION_DATE) values ('281','1','1','Energy boost','1',to_date('21/04/26','DD/MM/RR'));
Insert into ESEN_STUDENT.RECOMMENDATIONS (ID_REC,ID_EMOTION,ID_FOOD,BENEFIT,ID_USER,RECOMMENDATION_DATE) values ('301','1','1','Energy boost','1',to_date('21/04/26','DD/MM/RR'));
Insert into ESEN_STUDENT.RECOMMENDATIONS (ID_REC,ID_EMOTION,ID_FOOD,BENEFIT,ID_USER,RECOMMENDATION_DATE) values ('321','1','1','Energy boost','1',to_date('21/04/26','DD/MM/RR'));
Insert into ESEN_STUDENT.RECOMMENDATIONS (ID_REC,ID_EMOTION,ID_FOOD,BENEFIT,ID_USER,RECOMMENDATION_DATE) values ('341','1','1','Energy boost','1',to_date('21/04/26','DD/MM/RR'));
Insert into ESEN_STUDENT.RECOMMENDATIONS (ID_REC,ID_EMOTION,ID_FOOD,BENEFIT,ID_USER,RECOMMENDATION_DATE) values ('343','1','1','Good for energy','1',to_date('21/04/26','DD/MM/RR'));
Insert into ESEN_STUDENT.RECOMMENDATIONS (ID_REC,ID_EMOTION,ID_FOOD,BENEFIT,ID_USER,RECOMMENDATION_DATE) values ('361','1','1','Energy boost','1',to_date('21/04/26','DD/MM/RR'));
Insert into ESEN_STUDENT.RECOMMENDATIONS (ID_REC,ID_EMOTION,ID_FOOD,BENEFIT,ID_USER,RECOMMENDATION_DATE) values ('363','1','1','Good for energy','1',to_date('21/04/26','DD/MM/RR'));
Insert into ESEN_STUDENT.RECOMMENDATIONS (ID_REC,ID_EMOTION,ID_FOOD,BENEFIT,ID_USER,RECOMMENDATION_DATE) values ('381','1','1','Energy boost','1',to_date('21/04/26','DD/MM/RR'));
Insert into ESEN_STUDENT.RECOMMENDATIONS (ID_REC,ID_EMOTION,ID_FOOD,BENEFIT,ID_USER,RECOMMENDATION_DATE) values ('383','1','1','Good for energy','1',to_date('21/04/26','DD/MM/RR'));
Insert into ESEN_STUDENT.RECOMMENDATIONS (ID_REC,ID_EMOTION,ID_FOOD,BENEFIT,ID_USER,RECOMMENDATION_DATE) values ('401','1','1','Energy boost','1',to_date('21/04/26','DD/MM/RR'));
Insert into ESEN_STUDENT.RECOMMENDATIONS (ID_REC,ID_EMOTION,ID_FOOD,BENEFIT,ID_USER,RECOMMENDATION_DATE) values ('421','1','1','Energy boost','1',to_date('21/04/26','DD/MM/RR'));
Insert into ESEN_STUDENT.RECOMMENDATIONS (ID_REC,ID_EMOTION,ID_FOOD,BENEFIT,ID_USER,RECOMMENDATION_DATE) values ('423','1','1','Good for energy','1',to_date('21/04/26','DD/MM/RR'));
Insert into ESEN_STUDENT.RECOMMENDATIONS (ID_REC,ID_EMOTION,ID_FOOD,BENEFIT,ID_USER,RECOMMENDATION_DATE) values ('441','1','1','Energy boost','1',to_date('21/04/26','DD/MM/RR'));
Insert into ESEN_STUDENT.RECOMMENDATIONS (ID_REC,ID_EMOTION,ID_FOOD,BENEFIT,ID_USER,RECOMMENDATION_DATE) values ('443','1','1','Good for energy','1',to_date('21/04/26','DD/MM/RR'));
Insert into ESEN_STUDENT.RECOMMENDATIONS (ID_REC,ID_EMOTION,ID_FOOD,BENEFIT,ID_USER,RECOMMENDATION_DATE) values ('461','1','1','Energy boost','1',to_date('21/04/26','DD/MM/RR'));
Insert into ESEN_STUDENT.RECOMMENDATIONS (ID_REC,ID_EMOTION,ID_FOOD,BENEFIT,ID_USER,RECOMMENDATION_DATE) values ('463','1','1','Good for energy','1',to_date('21/04/26','DD/MM/RR'));
Insert into ESEN_STUDENT.RECOMMENDATIONS (ID_REC,ID_EMOTION,ID_FOOD,BENEFIT,ID_USER,RECOMMENDATION_DATE) values ('481','1','1','Energy boost','1',to_date('21/04/26','DD/MM/RR'));
Insert into ESEN_STUDENT.RECOMMENDATIONS (ID_REC,ID_EMOTION,ID_FOOD,BENEFIT,ID_USER,RECOMMENDATION_DATE) values ('483','1','1','Good for energy','1',to_date('21/04/26','DD/MM/RR'));
Insert into ESEN_STUDENT.RECOMMENDATIONS (ID_REC,ID_EMOTION,ID_FOOD,BENEFIT,ID_USER,RECOMMENDATION_DATE) values ('501','1','1','Energy boost','1',to_date('21/04/26','DD/MM/RR'));
Insert into ESEN_STUDENT.RECOMMENDATIONS (ID_REC,ID_EMOTION,ID_FOOD,BENEFIT,ID_USER,RECOMMENDATION_DATE) values ('503','1','1','Good for energy','1',to_date('21/04/26','DD/MM/RR'));
Insert into ESEN_STUDENT.RECOMMENDATIONS (ID_REC,ID_EMOTION,ID_FOOD,BENEFIT,ID_USER,RECOMMENDATION_DATE) values ('521','1','1','Energy boost','1',to_date('21/04/26','DD/MM/RR'));
Insert into ESEN_STUDENT.RECOMMENDATIONS (ID_REC,ID_EMOTION,ID_FOOD,BENEFIT,ID_USER,RECOMMENDATION_DATE) values ('523','1','1','Good for energy','1',to_date('21/04/26','DD/MM/RR'));
Insert into ESEN_STUDENT.RECOMMENDATIONS (ID_REC,ID_EMOTION,ID_FOOD,BENEFIT,ID_USER,RECOMMENDATION_DATE) values ('541','1','1','Energy boost','1',to_date('21/04/26','DD/MM/RR'));
Insert into ESEN_STUDENT.RECOMMENDATIONS (ID_REC,ID_EMOTION,ID_FOOD,BENEFIT,ID_USER,RECOMMENDATION_DATE) values ('543','1','1','Good for energy','1',to_date('21/04/26','DD/MM/RR'));
Insert into ESEN_STUDENT.RECOMMENDATIONS (ID_REC,ID_EMOTION,ID_FOOD,BENEFIT,ID_USER,RECOMMENDATION_DATE) values ('561','1','1','Energy boost','1',to_date('21/04/26','DD/MM/RR'));
Insert into ESEN_STUDENT.RECOMMENDATIONS (ID_REC,ID_EMOTION,ID_FOOD,BENEFIT,ID_USER,RECOMMENDATION_DATE) values ('563','1','1','Good for energy','1',to_date('21/04/26','DD/MM/RR'));
REM INSERTING into ESEN_STUDENT.USER_EMOTIONS
SET DEFINE OFF;
Insert into ESEN_STUDENT.USER_EMOTIONS (ID_USER_EMOTION,ID_USER,ID_EMOTION,EMOTION_DATE) values ('1041','1','1',to_date('21/04/26','DD/MM/RR'));
REM INSERTING into ESEN_STUDENT.USER_PROFILE
SET DEFINE OFF;
REM INSERTING into ESEN_STUDENT.USERS
SET DEFINE OFF;
Insert into ESEN_STUDENT.USERS (ID_USER,NAME,EMAIL,PASSWORD,ROLE,CREATED_AT) values ('1','Test User','test@mail.com','123','user',to_date('16/04/26','DD/MM/RR'));
Insert into ESEN_STUDENT.USERS (ID_USER,NAME,EMAIL,PASSWORD,ROLE,CREATED_AT) values ('582','Ali','ali@gmail.com','1234',null,to_date('20/04/26','DD/MM/RR'));
Insert into ESEN_STUDENT.USERS (ID_USER,NAME,EMAIL,PASSWORD,ROLE,CREATED_AT) values ('1523','ayet','ayet@gmail.com','123456',null,to_date('21/04/26','DD/MM/RR'));
--------------------------------------------------------
--  DDL for Index SYS_C007003
--------------------------------------------------------

  CREATE UNIQUE INDEX "ESEN_STUDENT"."SYS_C007003" ON "ESEN_STUDENT"."USERS" ("ID_USER") 
  PCTFREE 10 INITRANS 2 MAXTRANS 255 COMPUTE STATISTICS 
  STORAGE(INITIAL 65536 NEXT 1048576 MINEXTENTS 1 MAXEXTENTS 2147483645
  PCTINCREASE 0 FREELISTS 1 FREELIST GROUPS 1 BUFFER_POOL DEFAULT FLASH_CACHE DEFAULT CELL_FLASH_CACHE DEFAULT)
  TABLESPACE "SYSTEM"
--------------------------------------------------------
--  DDL for Index SYS_C007004
--------------------------------------------------------

  CREATE UNIQUE INDEX "ESEN_STUDENT"."SYS_C007004" ON "ESEN_STUDENT"."USERS" ("EMAIL") 
  PCTFREE 10 INITRANS 2 MAXTRANS 255 COMPUTE STATISTICS 
  STORAGE(INITIAL 65536 NEXT 1048576 MINEXTENTS 1 MAXEXTENTS 2147483645
  PCTINCREASE 0 FREELISTS 1 FREELIST GROUPS 1 BUFFER_POOL DEFAULT FLASH_CACHE DEFAULT CELL_FLASH_CACHE DEFAULT)
  TABLESPACE "SYSTEM"
--------------------------------------------------------
--  DDL for Index SYS_C007005
--------------------------------------------------------

  CREATE UNIQUE INDEX "ESEN_STUDENT"."SYS_C007005" ON "ESEN_STUDENT"."USER_PROFILE" ("ID_PROFILE") 
  PCTFREE 10 INITRANS 2 MAXTRANS 255 COMPUTE STATISTICS 
  STORAGE(INITIAL 65536 NEXT 1048576 MINEXTENTS 1 MAXEXTENTS 2147483645
  PCTINCREASE 0 FREELISTS 1 FREELIST GROUPS 1 BUFFER_POOL DEFAULT FLASH_CACHE DEFAULT CELL_FLASH_CACHE DEFAULT)
  TABLESPACE "SYSTEM"
--------------------------------------------------------
--  DDL for Index SYS_C007006
--------------------------------------------------------

  CREATE UNIQUE INDEX "ESEN_STUDENT"."SYS_C007006" ON "ESEN_STUDENT"."USER_PROFILE" ("ID_USER") 
  PCTFREE 10 INITRANS 2 MAXTRANS 255 COMPUTE STATISTICS 
  STORAGE(INITIAL 65536 NEXT 1048576 MINEXTENTS 1 MAXEXTENTS 2147483645
  PCTINCREASE 0 FREELISTS 1 FREELIST GROUPS 1 BUFFER_POOL DEFAULT FLASH_CACHE DEFAULT CELL_FLASH_CACHE DEFAULT)
  TABLESPACE "SYSTEM"
--------------------------------------------------------
--  DDL for Index SYS_C007008
--------------------------------------------------------

  CREATE UNIQUE INDEX "ESEN_STUDENT"."SYS_C007008" ON "ESEN_STUDENT"."EMOTIONS" ("ID_EMOTION") 
  PCTFREE 10 INITRANS 2 MAXTRANS 255 COMPUTE STATISTICS 
  STORAGE(INITIAL 65536 NEXT 1048576 MINEXTENTS 1 MAXEXTENTS 2147483645
  PCTINCREASE 0 FREELISTS 1 FREELIST GROUPS 1 BUFFER_POOL DEFAULT FLASH_CACHE DEFAULT CELL_FLASH_CACHE DEFAULT)
  TABLESPACE "SYSTEM"
--------------------------------------------------------
--  DDL for Index SYS_C007009
--------------------------------------------------------

  CREATE UNIQUE INDEX "ESEN_STUDENT"."SYS_C007009" ON "ESEN_STUDENT"."FOODS" ("ID_FOOD") 
  PCTFREE 10 INITRANS 2 MAXTRANS 255 COMPUTE STATISTICS 
  STORAGE(INITIAL 65536 NEXT 1048576 MINEXTENTS 1 MAXEXTENTS 2147483645
  PCTINCREASE 0 FREELISTS 1 FREELIST GROUPS 1 BUFFER_POOL DEFAULT FLASH_CACHE DEFAULT CELL_FLASH_CACHE DEFAULT)
  TABLESPACE "SYSTEM"
--------------------------------------------------------
--  DDL for Index SYS_C007010
--------------------------------------------------------

  CREATE UNIQUE INDEX "ESEN_STUDENT"."SYS_C007010" ON "ESEN_STUDENT"."EMOTION_FOOD" ("ID_RULE") 
  PCTFREE 10 INITRANS 2 MAXTRANS 255 COMPUTE STATISTICS 
  STORAGE(INITIAL 65536 NEXT 1048576 MINEXTENTS 1 MAXEXTENTS 2147483645
  PCTINCREASE 0 FREELISTS 1 FREELIST GROUPS 1 BUFFER_POOL DEFAULT FLASH_CACHE DEFAULT CELL_FLASH_CACHE DEFAULT)
  TABLESPACE "SYSTEM"
--------------------------------------------------------
--  DDL for Index SYS_C007013
--------------------------------------------------------

  CREATE UNIQUE INDEX "ESEN_STUDENT"."SYS_C007013" ON "ESEN_STUDENT"."RECOMMENDATIONS" ("ID_REC") 
  PCTFREE 10 INITRANS 2 MAXTRANS 255 COMPUTE STATISTICS 
  STORAGE(INITIAL 65536 NEXT 1048576 MINEXTENTS 1 MAXEXTENTS 2147483645
  PCTINCREASE 0 FREELISTS 1 FREELIST GROUPS 1 BUFFER_POOL DEFAULT FLASH_CACHE DEFAULT CELL_FLASH_CACHE DEFAULT)
  TABLESPACE "SYSTEM"
--------------------------------------------------------
--  DDL for Index SYS_C007019
--------------------------------------------------------

  CREATE UNIQUE INDEX "ESEN_STUDENT"."SYS_C007019" ON "ESEN_STUDENT"."ACTIVITY_LOG" ("ID_LOG") 
  PCTFREE 10 INITRANS 2 MAXTRANS 255 COMPUTE STATISTICS 
  STORAGE(INITIAL 65536 NEXT 1048576 MINEXTENTS 1 MAXEXTENTS 2147483645
  PCTINCREASE 0 FREELISTS 1 FREELIST GROUPS 1 BUFFER_POOL DEFAULT FLASH_CACHE DEFAULT CELL_FLASH_CACHE DEFAULT)
  TABLESPACE "SYSTEM"
--------------------------------------------------------
--  DDL for Index SYS_C007029
--------------------------------------------------------

  CREATE UNIQUE INDEX "ESEN_STUDENT"."SYS_C007029" ON "ESEN_STUDENT"."ADMIN" ("ID_ADMIN") 
  PCTFREE 10 INITRANS 2 MAXTRANS 255 COMPUTE STATISTICS 
  STORAGE(INITIAL 65536 NEXT 1048576 MINEXTENTS 1 MAXEXTENTS 2147483645
  PCTINCREASE 0 FREELISTS 1 FREELIST GROUPS 1 BUFFER_POOL DEFAULT FLASH_CACHE DEFAULT CELL_FLASH_CACHE DEFAULT)
  TABLESPACE "SYSTEM"
--------------------------------------------------------
--  DDL for Index SYS_C007030
--------------------------------------------------------

  CREATE UNIQUE INDEX "ESEN_STUDENT"."SYS_C007030" ON "ESEN_STUDENT"."ADMIN" ("ID_USER") 
  PCTFREE 10 INITRANS 2 MAXTRANS 255 COMPUTE STATISTICS 
  STORAGE(INITIAL 65536 NEXT 1048576 MINEXTENTS 1 MAXEXTENTS 2147483645
  PCTINCREASE 0 FREELISTS 1 FREELIST GROUPS 1 BUFFER_POOL DEFAULT FLASH_CACHE DEFAULT CELL_FLASH_CACHE DEFAULT)
  TABLESPACE "SYSTEM"
--------------------------------------------------------
--  DDL for Index SYS_C007032
--------------------------------------------------------

  CREATE UNIQUE INDEX "ESEN_STUDENT"."SYS_C007032" ON "ESEN_STUDENT"."CLIENT" ("ID_CLIENT") 
  PCTFREE 10 INITRANS 2 MAXTRANS 255 COMPUTE STATISTICS 
  STORAGE(INITIAL 65536 NEXT 1048576 MINEXTENTS 1 MAXEXTENTS 2147483645
  PCTINCREASE 0 FREELISTS 1 FREELIST GROUPS 1 BUFFER_POOL DEFAULT FLASH_CACHE DEFAULT CELL_FLASH_CACHE DEFAULT)
  TABLESPACE "SYSTEM"
--------------------------------------------------------
--  DDL for Index SYS_C007033
--------------------------------------------------------

  CREATE UNIQUE INDEX "ESEN_STUDENT"."SYS_C007033" ON "ESEN_STUDENT"."CLIENT" ("ID_USER") 
  PCTFREE 10 INITRANS 2 MAXTRANS 255 COMPUTE STATISTICS 
  STORAGE(INITIAL 65536 NEXT 1048576 MINEXTENTS 1 MAXEXTENTS 2147483645
  PCTINCREASE 0 FREELISTS 1 FREELIST GROUPS 1 BUFFER_POOL DEFAULT FLASH_CACHE DEFAULT CELL_FLASH_CACHE DEFAULT)
  TABLESPACE "SYSTEM"
--------------------------------------------------------
--  DDL for Index SYS_C007204
--------------------------------------------------------

  CREATE UNIQUE INDEX "ESEN_STUDENT"."SYS_C007204" ON "ESEN_STUDENT"."USER_EMOTIONS" ("ID_USER_EMOTION") 
  PCTFREE 10 INITRANS 2 MAXTRANS 255 
  STORAGE(INITIAL 65536 NEXT 1048576 MINEXTENTS 1 MAXEXTENTS 2147483645
  PCTINCREASE 0 FREELISTS 1 FREELIST GROUPS 1 BUFFER_POOL DEFAULT FLASH_CACHE DEFAULT CELL_FLASH_CACHE DEFAULT)
  TABLESPACE "SYSTEM"
--------------------------------------------------------
--  DDL for Index SYS_C007019
--------------------------------------------------------

  CREATE UNIQUE INDEX "ESEN_STUDENT"."SYS_C007019" ON "ESEN_STUDENT"."ACTIVITY_LOG" ("ID_LOG") 
  PCTFREE 10 INITRANS 2 MAXTRANS 255 COMPUTE STATISTICS 
  STORAGE(INITIAL 65536 NEXT 1048576 MINEXTENTS 1 MAXEXTENTS 2147483645
  PCTINCREASE 0 FREELISTS 1 FREELIST GROUPS 1 BUFFER_POOL DEFAULT FLASH_CACHE DEFAULT CELL_FLASH_CACHE DEFAULT)
  TABLESPACE "SYSTEM"
--------------------------------------------------------
--  DDL for Index SYS_C007029
--------------------------------------------------------

  CREATE UNIQUE INDEX "ESEN_STUDENT"."SYS_C007029" ON "ESEN_STUDENT"."ADMIN" ("ID_ADMIN") 
  PCTFREE 10 INITRANS 2 MAXTRANS 255 COMPUTE STATISTICS 
  STORAGE(INITIAL 65536 NEXT 1048576 MINEXTENTS 1 MAXEXTENTS 2147483645
  PCTINCREASE 0 FREELISTS 1 FREELIST GROUPS 1 BUFFER_POOL DEFAULT FLASH_CACHE DEFAULT CELL_FLASH_CACHE DEFAULT)
  TABLESPACE "SYSTEM"
--------------------------------------------------------
--  DDL for Index SYS_C007030
--------------------------------------------------------

  CREATE UNIQUE INDEX "ESEN_STUDENT"."SYS_C007030" ON "ESEN_STUDENT"."ADMIN" ("ID_USER") 
  PCTFREE 10 INITRANS 2 MAXTRANS 255 COMPUTE STATISTICS 
  STORAGE(INITIAL 65536 NEXT 1048576 MINEXTENTS 1 MAXEXTENTS 2147483645
  PCTINCREASE 0 FREELISTS 1 FREELIST GROUPS 1 BUFFER_POOL DEFAULT FLASH_CACHE DEFAULT CELL_FLASH_CACHE DEFAULT)
  TABLESPACE "SYSTEM"
--------------------------------------------------------
--  DDL for Index SYS_C007032
--------------------------------------------------------

  CREATE UNIQUE INDEX "ESEN_STUDENT"."SYS_C007032" ON "ESEN_STUDENT"."CLIENT" ("ID_CLIENT") 
  PCTFREE 10 INITRANS 2 MAXTRANS 255 COMPUTE STATISTICS 
  STORAGE(INITIAL 65536 NEXT 1048576 MINEXTENTS 1 MAXEXTENTS 2147483645
  PCTINCREASE 0 FREELISTS 1 FREELIST GROUPS 1 BUFFER_POOL DEFAULT FLASH_CACHE DEFAULT CELL_FLASH_CACHE DEFAULT)
  TABLESPACE "SYSTEM"
--------------------------------------------------------
--  DDL for Index SYS_C007033
--------------------------------------------------------

  CREATE UNIQUE INDEX "ESEN_STUDENT"."SYS_C007033" ON "ESEN_STUDENT"."CLIENT" ("ID_USER") 
  PCTFREE 10 INITRANS 2 MAXTRANS 255 COMPUTE STATISTICS 
  STORAGE(INITIAL 65536 NEXT 1048576 MINEXTENTS 1 MAXEXTENTS 2147483645
  PCTINCREASE 0 FREELISTS 1 FREELIST GROUPS 1 BUFFER_POOL DEFAULT FLASH_CACHE DEFAULT CELL_FLASH_CACHE DEFAULT)
  TABLESPACE "SYSTEM"
--------------------------------------------------------
--  DDL for Index SYS_C007010
--------------------------------------------------------

  CREATE UNIQUE INDEX "ESEN_STUDENT"."SYS_C007010" ON "ESEN_STUDENT"."EMOTION_FOOD" ("ID_RULE") 
  PCTFREE 10 INITRANS 2 MAXTRANS 255 COMPUTE STATISTICS 
  STORAGE(INITIAL 65536 NEXT 1048576 MINEXTENTS 1 MAXEXTENTS 2147483645
  PCTINCREASE 0 FREELISTS 1 FREELIST GROUPS 1 BUFFER_POOL DEFAULT FLASH_CACHE DEFAULT CELL_FLASH_CACHE DEFAULT)
  TABLESPACE "SYSTEM"
--------------------------------------------------------
--  DDL for Index SYS_C007008
--------------------------------------------------------

  CREATE UNIQUE INDEX "ESEN_STUDENT"."SYS_C007008" ON "ESEN_STUDENT"."EMOTIONS" ("ID_EMOTION") 
  PCTFREE 10 INITRANS 2 MAXTRANS 255 COMPUTE STATISTICS 
  STORAGE(INITIAL 65536 NEXT 1048576 MINEXTENTS 1 MAXEXTENTS 2147483645
  PCTINCREASE 0 FREELISTS 1 FREELIST GROUPS 1 BUFFER_POOL DEFAULT FLASH_CACHE DEFAULT CELL_FLASH_CACHE DEFAULT)
  TABLESPACE "SYSTEM"
--------------------------------------------------------
--  DDL for Index SYS_C007009
--------------------------------------------------------

  CREATE UNIQUE INDEX "ESEN_STUDENT"."SYS_C007009" ON "ESEN_STUDENT"."FOODS" ("ID_FOOD") 
  PCTFREE 10 INITRANS 2 MAXTRANS 255 COMPUTE STATISTICS 
  STORAGE(INITIAL 65536 NEXT 1048576 MINEXTENTS 1 MAXEXTENTS 2147483645
  PCTINCREASE 0 FREELISTS 1 FREELIST GROUPS 1 BUFFER_POOL DEFAULT FLASH_CACHE DEFAULT CELL_FLASH_CACHE DEFAULT)
  TABLESPACE "SYSTEM"
--------------------------------------------------------
--  DDL for Index SYS_C007013
--------------------------------------------------------

  CREATE UNIQUE INDEX "ESEN_STUDENT"."SYS_C007013" ON "ESEN_STUDENT"."RECOMMENDATIONS" ("ID_REC") 
  PCTFREE 10 INITRANS 2 MAXTRANS 255 COMPUTE STATISTICS 
  STORAGE(INITIAL 65536 NEXT 1048576 MINEXTENTS 1 MAXEXTENTS 2147483645
  PCTINCREASE 0 FREELISTS 1 FREELIST GROUPS 1 BUFFER_POOL DEFAULT FLASH_CACHE DEFAULT CELL_FLASH_CACHE DEFAULT)
  TABLESPACE "SYSTEM"
--------------------------------------------------------
--  DDL for Index SYS_C007204
--------------------------------------------------------

  CREATE UNIQUE INDEX "ESEN_STUDENT"."SYS_C007204" ON "ESEN_STUDENT"."USER_EMOTIONS" ("ID_USER_EMOTION") 
  PCTFREE 10 INITRANS 2 MAXTRANS 255 
  STORAGE(INITIAL 65536 NEXT 1048576 MINEXTENTS 1 MAXEXTENTS 2147483645
  PCTINCREASE 0 FREELISTS 1 FREELIST GROUPS 1 BUFFER_POOL DEFAULT FLASH_CACHE DEFAULT CELL_FLASH_CACHE DEFAULT)
  TABLESPACE "SYSTEM"
--------------------------------------------------------
--  DDL for Index SYS_C007005
--------------------------------------------------------

  CREATE UNIQUE INDEX "ESEN_STUDENT"."SYS_C007005" ON "ESEN_STUDENT"."USER_PROFILE" ("ID_PROFILE") 
  PCTFREE 10 INITRANS 2 MAXTRANS 255 COMPUTE STATISTICS 
  STORAGE(INITIAL 65536 NEXT 1048576 MINEXTENTS 1 MAXEXTENTS 2147483645
  PCTINCREASE 0 FREELISTS 1 FREELIST GROUPS 1 BUFFER_POOL DEFAULT FLASH_CACHE DEFAULT CELL_FLASH_CACHE DEFAULT)
  TABLESPACE "SYSTEM"
--------------------------------------------------------
--  DDL for Index SYS_C007006
--------------------------------------------------------

  CREATE UNIQUE INDEX "ESEN_STUDENT"."SYS_C007006" ON "ESEN_STUDENT"."USER_PROFILE" ("ID_USER") 
  PCTFREE 10 INITRANS 2 MAXTRANS 255 COMPUTE STATISTICS 
  STORAGE(INITIAL 65536 NEXT 1048576 MINEXTENTS 1 MAXEXTENTS 2147483645
  PCTINCREASE 0 FREELISTS 1 FREELIST GROUPS 1 BUFFER_POOL DEFAULT FLASH_CACHE DEFAULT CELL_FLASH_CACHE DEFAULT)
  TABLESPACE "SYSTEM"
--------------------------------------------------------
--  DDL for Index SYS_C007003
--------------------------------------------------------

  CREATE UNIQUE INDEX "ESEN_STUDENT"."SYS_C007003" ON "ESEN_STUDENT"."USERS" ("ID_USER") 
  PCTFREE 10 INITRANS 2 MAXTRANS 255 COMPUTE STATISTICS 
  STORAGE(INITIAL 65536 NEXT 1048576 MINEXTENTS 1 MAXEXTENTS 2147483645
  PCTINCREASE 0 FREELISTS 1 FREELIST GROUPS 1 BUFFER_POOL DEFAULT FLASH_CACHE DEFAULT CELL_FLASH_CACHE DEFAULT)
  TABLESPACE "SYSTEM"
--------------------------------------------------------
--  DDL for Index SYS_C007004
--------------------------------------------------------

  CREATE UNIQUE INDEX "ESEN_STUDENT"."SYS_C007004" ON "ESEN_STUDENT"."USERS" ("EMAIL") 
  PCTFREE 10 INITRANS 2 MAXTRANS 255 COMPUTE STATISTICS 
  STORAGE(INITIAL 65536 NEXT 1048576 MINEXTENTS 1 MAXEXTENTS 2147483645
  PCTINCREASE 0 FREELISTS 1 FREELIST GROUPS 1 BUFFER_POOL DEFAULT FLASH_CACHE DEFAULT CELL_FLASH_CACHE DEFAULT)
  TABLESPACE "SYSTEM"
--------------------------------------------------------
--  DDL for Trigger TRG_EF
--------------------------------------------------------

  CREATE OR REPLACE TRIGGER "ESEN_STUDENT"."TRG_EF" 
BEFORE INSERT ON Emotion_Food
FOR EACH ROW
BEGIN
    :NEW.id_rule := SEQ_EF.NEXTVAL;
END;

ALTER TRIGGER "ESEN_STUDENT"."TRG_EF" ENABLE
--------------------------------------------------------
--  DDL for Trigger TRG_EMOTIONS
--------------------------------------------------------

  CREATE OR REPLACE TRIGGER "ESEN_STUDENT"."TRG_EMOTIONS" 
BEFORE INSERT ON Emotions
FOR EACH ROW
BEGIN
  SELECT SEQ_EMOTIONS.NEXTVAL
  INTO :NEW.id_emotion
  FROM dual;
END;

ALTER TRIGGER "ESEN_STUDENT"."TRG_EMOTIONS" ENABLE
--------------------------------------------------------
--  DDL for Trigger TRG_FOODS
--------------------------------------------------------

  CREATE OR REPLACE TRIGGER "ESEN_STUDENT"."TRG_FOODS" 
BEFORE INSERT ON Foods
FOR EACH ROW
BEGIN
    :NEW.id_food := SEQ_FOODS.NEXTVAL;
END;

ALTER TRIGGER "ESEN_STUDENT"."TRG_FOODS" ENABLE
--------------------------------------------------------
--  DDL for Trigger TRG_LOG
--------------------------------------------------------

  CREATE OR REPLACE TRIGGER "ESEN_STUDENT"."TRG_LOG" 
BEFORE INSERT ON Activity_Log
FOR EACH ROW
BEGIN
    :NEW.id_log := SEQ_LOG.NEXTVAL;
END;

ALTER TRIGGER "ESEN_STUDENT"."TRG_LOG" ENABLE
--------------------------------------------------------
--  DDL for Trigger TRG_PROFILE
--------------------------------------------------------

  CREATE OR REPLACE TRIGGER "ESEN_STUDENT"."TRG_PROFILE" 
BEFORE INSERT ON User_Profile
FOR EACH ROW
BEGIN
  SELECT SEQ_PROFILE.NEXTVAL
  INTO :NEW.id_profile
  FROM dual;
END;

ALTER TRIGGER "ESEN_STUDENT"."TRG_PROFILE" ENABLE
--------------------------------------------------------
--  DDL for Trigger TRG_REC
--------------------------------------------------------

  CREATE OR REPLACE TRIGGER "ESEN_STUDENT"."TRG_REC" 
BEFORE INSERT ON Recommendations
FOR EACH ROW
BEGIN
    :NEW.id_rec := SEQ_REC.NEXTVAL;
END;

ALTER TRIGGER "ESEN_STUDENT"."TRG_REC" ENABLE
--------------------------------------------------------
--  DDL for Trigger TRG_RECOMMENDATION_DATE
--------------------------------------------------------

  CREATE OR REPLACE TRIGGER "ESEN_STUDENT"."TRG_RECOMMENDATION_DATE" 
BEFORE INSERT ON Recommendations
FOR EACH ROW
BEGIN
    IF :NEW.recommendation_date IS NULL THEN
        :NEW.recommendation_date := SYSDATE;
    END IF;
END;

ALTER TRIGGER "ESEN_STUDENT"."TRG_RECOMMENDATION_DATE" ENABLE
--------------------------------------------------------
--  DDL for Trigger TRG_USER_INSERT_LOG
--------------------------------------------------------

  CREATE OR REPLACE TRIGGER "ESEN_STUDENT"."TRG_USER_INSERT_LOG" 
AFTER INSERT ON Users
FOR EACH ROW
BEGIN
    INSERT INTO Activity_Log (
        id_log,
        id_user,
        action,
        log_date
    )
    VALUES (
        SEQ_LOG.NEXTVAL,
        :NEW.id_user,
        'USER CREATED',
        SYSDATE
    );
END;

ALTER TRIGGER "ESEN_STUDENT"."TRG_USER_INSERT_LOG" ENABLE
--------------------------------------------------------
--  DDL for Trigger TRG_USERS
--------------------------------------------------------

  CREATE OR REPLACE TRIGGER "ESEN_STUDENT"."TRG_USERS" 
BEFORE INSERT ON Users
FOR EACH ROW
BEGIN
    SELECT seq_Users.NEXTVAL
    INTO :NEW.id_user
    FROM dual;
END;

ALTER TRIGGER "ESEN_STUDENT"."TRG_USERS" ENABLE
--------------------------------------------------------
--  DDL for Trigger TRG_LOG
--------------------------------------------------------

  CREATE OR REPLACE TRIGGER "ESEN_STUDENT"."TRG_LOG" 
BEFORE INSERT ON Activity_Log
FOR EACH ROW
BEGIN
    :NEW.id_log := SEQ_LOG.NEXTVAL;
END;

ALTER TRIGGER "ESEN_STUDENT"."TRG_LOG" ENABLE
--------------------------------------------------------
--  DDL for Trigger TRG_EF
--------------------------------------------------------

  CREATE OR REPLACE TRIGGER "ESEN_STUDENT"."TRG_EF" 
BEFORE INSERT ON Emotion_Food
FOR EACH ROW
BEGIN
    :NEW.id_rule := SEQ_EF.NEXTVAL;
END;

ALTER TRIGGER "ESEN_STUDENT"."TRG_EF" ENABLE
--------------------------------------------------------
--  DDL for Trigger TRG_EMOTIONS
--------------------------------------------------------

  CREATE OR REPLACE TRIGGER "ESEN_STUDENT"."TRG_EMOTIONS" 
BEFORE INSERT ON Emotions
FOR EACH ROW
BEGIN
  SELECT SEQ_EMOTIONS.NEXTVAL
  INTO :NEW.id_emotion
  FROM dual;
END;

ALTER TRIGGER "ESEN_STUDENT"."TRG_EMOTIONS" ENABLE
--------------------------------------------------------
--  DDL for Trigger TRG_FOODS
--------------------------------------------------------

  CREATE OR REPLACE TRIGGER "ESEN_STUDENT"."TRG_FOODS" 
BEFORE INSERT ON Foods
FOR EACH ROW
BEGIN
    :NEW.id_food := SEQ_FOODS.NEXTVAL;
END;

ALTER TRIGGER "ESEN_STUDENT"."TRG_FOODS" ENABLE
--------------------------------------------------------
--  DDL for Trigger TRG_RECOMMENDATION_DATE
--------------------------------------------------------

  CREATE OR REPLACE TRIGGER "ESEN_STUDENT"."TRG_RECOMMENDATION_DATE" 
BEFORE INSERT ON Recommendations
FOR EACH ROW
BEGIN
    IF :NEW.recommendation_date IS NULL THEN
        :NEW.recommendation_date := SYSDATE;
    END IF;
END;

ALTER TRIGGER "ESEN_STUDENT"."TRG_RECOMMENDATION_DATE" ENABLE
--------------------------------------------------------
--  DDL for Trigger TRG_REC
--------------------------------------------------------

  CREATE OR REPLACE TRIGGER "ESEN_STUDENT"."TRG_REC" 
BEFORE INSERT ON Recommendations
FOR EACH ROW
BEGIN
    :NEW.id_rec := SEQ_REC.NEXTVAL;
END;

ALTER TRIGGER "ESEN_STUDENT"."TRG_REC" ENABLE
--------------------------------------------------------
--  DDL for Trigger TRG_PROFILE
--------------------------------------------------------

  CREATE OR REPLACE TRIGGER "ESEN_STUDENT"."TRG_PROFILE" 
BEFORE INSERT ON User_Profile
FOR EACH ROW
BEGIN
  SELECT SEQ_PROFILE.NEXTVAL
  INTO :NEW.id_profile
  FROM dual;
END;

ALTER TRIGGER "ESEN_STUDENT"."TRG_PROFILE" ENABLE
--------------------------------------------------------
--  DDL for Trigger TRG_USER_INSERT_LOG
--------------------------------------------------------

  CREATE OR REPLACE TRIGGER "ESEN_STUDENT"."TRG_USER_INSERT_LOG" 
AFTER INSERT ON Users
FOR EACH ROW
BEGIN
    INSERT INTO Activity_Log (
        id_log,
        id_user,
        action,
        log_date
    )
    VALUES (
        SEQ_LOG.NEXTVAL,
        :NEW.id_user,
        'USER CREATED',
        SYSDATE
    );
END;

ALTER TRIGGER "ESEN_STUDENT"."TRG_USER_INSERT_LOG" ENABLE
--------------------------------------------------------
--  DDL for Trigger TRG_USERS
--------------------------------------------------------

  CREATE OR REPLACE TRIGGER "ESEN_STUDENT"."TRG_USERS" 
BEFORE INSERT ON Users
FOR EACH ROW
BEGIN
    SELECT seq_Users.NEXTVAL
    INTO :NEW.id_user
    FROM dual;
END;

ALTER TRIGGER "ESEN_STUDENT"."TRG_USERS" ENABLE
--------------------------------------------------------
--  DDL for Procedure ADD_RECOMMENDATION
--------------------------------------------------------
set define off;

  CREATE OR REPLACE PROCEDURE "ESEN_STUDENT"."ADD_RECOMMENDATION" (
    p_id_user NUMBER,
    p_id_emotion NUMBER,
    p_id_food NUMBER,
    p_benefit VARCHAR2
)
AS
BEGIN
    INSERT INTO Recommendations (
        id_rec,
        id_user,
        id_emotion,
        id_food,
        benefit,
        recommendation_date
    )
    VALUES (
        SEQ_REC.NEXTVAL,
        p_id_user,
        p_id_emotion,
        p_id_food,
        p_benefit,
        SYSDATE
    );
END;
--------------------------------------------------------
--  DDL for Procedure DELETE_RECOMMENDATION
--------------------------------------------------------
set define off;

  CREATE OR REPLACE PROCEDURE "ESEN_STUDENT"."DELETE_RECOMMENDATION" (
    p_id_rec NUMBER
)
AS
BEGIN
    DELETE FROM Recommendations
    WHERE id_rec = p_id_rec;
END;
--------------------------------------------------------
--  DDL for Function COUNT_RECOMMENDATIONS
--------------------------------------------------------

  CREATE OR REPLACE FUNCTION "ESEN_STUDENT"."COUNT_RECOMMENDATIONS" (
    p_id_user NUMBER
)
RETURN NUMBER
AS
    v_count NUMBER;
BEGIN
    SELECT COUNT(*)
    INTO v_count
    FROM Recommendations
    WHERE id_user = p_id_user;

    RETURN v_count;
END;
--------------------------------------------------------
--  Constraints for Table ACTIVITY_LOG
--------------------------------------------------------

  ALTER TABLE "ESEN_STUDENT"."ACTIVITY_LOG" ADD PRIMARY KEY ("ID_LOG")
  USING INDEX PCTFREE 10 INITRANS 2 MAXTRANS 255 COMPUTE STATISTICS 
  STORAGE(INITIAL 65536 NEXT 1048576 MINEXTENTS 1 MAXEXTENTS 2147483645
  PCTINCREASE 0 FREELISTS 1 FREELIST GROUPS 1 BUFFER_POOL DEFAULT FLASH_CACHE DEFAULT CELL_FLASH_CACHE DEFAULT)
  TABLESPACE "SYSTEM"  ENABLE
--------------------------------------------------------
--  Constraints for Table ADMIN
--------------------------------------------------------

  ALTER TABLE "ESEN_STUDENT"."ADMIN" ADD UNIQUE ("ID_USER")
  USING INDEX PCTFREE 10 INITRANS 2 MAXTRANS 255 COMPUTE STATISTICS 
  STORAGE(INITIAL 65536 NEXT 1048576 MINEXTENTS 1 MAXEXTENTS 2147483645
  PCTINCREASE 0 FREELISTS 1 FREELIST GROUPS 1 BUFFER_POOL DEFAULT FLASH_CACHE DEFAULT CELL_FLASH_CACHE DEFAULT)
  TABLESPACE "SYSTEM"  ENABLE
  ALTER TABLE "ESEN_STUDENT"."ADMIN" ADD PRIMARY KEY ("ID_ADMIN")
  USING INDEX PCTFREE 10 INITRANS 2 MAXTRANS 255 COMPUTE STATISTICS 
  STORAGE(INITIAL 65536 NEXT 1048576 MINEXTENTS 1 MAXEXTENTS 2147483645
  PCTINCREASE 0 FREELISTS 1 FREELIST GROUPS 1 BUFFER_POOL DEFAULT FLASH_CACHE DEFAULT CELL_FLASH_CACHE DEFAULT)
  TABLESPACE "SYSTEM"  ENABLE
--------------------------------------------------------
--  Constraints for Table CLIENT
--------------------------------------------------------

  ALTER TABLE "ESEN_STUDENT"."CLIENT" ADD UNIQUE ("ID_USER")
  USING INDEX PCTFREE 10 INITRANS 2 MAXTRANS 255 COMPUTE STATISTICS 
  STORAGE(INITIAL 65536 NEXT 1048576 MINEXTENTS 1 MAXEXTENTS 2147483645
  PCTINCREASE 0 FREELISTS 1 FREELIST GROUPS 1 BUFFER_POOL DEFAULT FLASH_CACHE DEFAULT CELL_FLASH_CACHE DEFAULT)
  TABLESPACE "SYSTEM"  ENABLE
  ALTER TABLE "ESEN_STUDENT"."CLIENT" ADD PRIMARY KEY ("ID_CLIENT")
  USING INDEX PCTFREE 10 INITRANS 2 MAXTRANS 255 COMPUTE STATISTICS 
  STORAGE(INITIAL 65536 NEXT 1048576 MINEXTENTS 1 MAXEXTENTS 2147483645
  PCTINCREASE 0 FREELISTS 1 FREELIST GROUPS 1 BUFFER_POOL DEFAULT FLASH_CACHE DEFAULT CELL_FLASH_CACHE DEFAULT)
  TABLESPACE "SYSTEM"  ENABLE
--------------------------------------------------------
--  Constraints for Table EMOTION_FOOD
--------------------------------------------------------

  ALTER TABLE "ESEN_STUDENT"."EMOTION_FOOD" ADD PRIMARY KEY ("ID_RULE")
  USING INDEX PCTFREE 10 INITRANS 2 MAXTRANS 255 COMPUTE STATISTICS 
  STORAGE(INITIAL 65536 NEXT 1048576 MINEXTENTS 1 MAXEXTENTS 2147483645
  PCTINCREASE 0 FREELISTS 1 FREELIST GROUPS 1 BUFFER_POOL DEFAULT FLASH_CACHE DEFAULT CELL_FLASH_CACHE DEFAULT)
  TABLESPACE "SYSTEM"  ENABLE
--------------------------------------------------------
--  Constraints for Table EMOTIONS
--------------------------------------------------------

  ALTER TABLE "ESEN_STUDENT"."EMOTIONS" ADD PRIMARY KEY ("ID_EMOTION")
  USING INDEX PCTFREE 10 INITRANS 2 MAXTRANS 255 COMPUTE STATISTICS 
  STORAGE(INITIAL 65536 NEXT 1048576 MINEXTENTS 1 MAXEXTENTS 2147483645
  PCTINCREASE 0 FREELISTS 1 FREELIST GROUPS 1 BUFFER_POOL DEFAULT FLASH_CACHE DEFAULT CELL_FLASH_CACHE DEFAULT)
  TABLESPACE "SYSTEM"  ENABLE
--------------------------------------------------------
--  Constraints for Table FOODS
--------------------------------------------------------

  ALTER TABLE "ESEN_STUDENT"."FOODS" ADD PRIMARY KEY ("ID_FOOD")
  USING INDEX PCTFREE 10 INITRANS 2 MAXTRANS 255 COMPUTE STATISTICS 
  STORAGE(INITIAL 65536 NEXT 1048576 MINEXTENTS 1 MAXEXTENTS 2147483645
  PCTINCREASE 0 FREELISTS 1 FREELIST GROUPS 1 BUFFER_POOL DEFAULT FLASH_CACHE DEFAULT CELL_FLASH_CACHE DEFAULT)
  TABLESPACE "SYSTEM"  ENABLE
--------------------------------------------------------
--  Constraints for Table RECOMMENDATIONS
--------------------------------------------------------

  ALTER TABLE "ESEN_STUDENT"."RECOMMENDATIONS" ADD PRIMARY KEY ("ID_REC")
  USING INDEX PCTFREE 10 INITRANS 2 MAXTRANS 255 COMPUTE STATISTICS 
  STORAGE(INITIAL 65536 NEXT 1048576 MINEXTENTS 1 MAXEXTENTS 2147483645
  PCTINCREASE 0 FREELISTS 1 FREELIST GROUPS 1 BUFFER_POOL DEFAULT FLASH_CACHE DEFAULT CELL_FLASH_CACHE DEFAULT)
  TABLESPACE "SYSTEM"  ENABLE
--------------------------------------------------------
--  Constraints for Table USER_EMOTIONS
--------------------------------------------------------

  ALTER TABLE "ESEN_STUDENT"."USER_EMOTIONS" ADD PRIMARY KEY ("ID_USER_EMOTION")
  USING INDEX PCTFREE 10 INITRANS 2 MAXTRANS 255 
  STORAGE(INITIAL 65536 NEXT 1048576 MINEXTENTS 1 MAXEXTENTS 2147483645
  PCTINCREASE 0 FREELISTS 1 FREELIST GROUPS 1 BUFFER_POOL DEFAULT FLASH_CACHE DEFAULT CELL_FLASH_CACHE DEFAULT)
  TABLESPACE "SYSTEM"  ENABLE
--------------------------------------------------------
--  Constraints for Table USER_PROFILE
--------------------------------------------------------

  ALTER TABLE "ESEN_STUDENT"."USER_PROFILE" ADD UNIQUE ("ID_USER")
  USING INDEX PCTFREE 10 INITRANS 2 MAXTRANS 255 COMPUTE STATISTICS 
  STORAGE(INITIAL 65536 NEXT 1048576 MINEXTENTS 1 MAXEXTENTS 2147483645
  PCTINCREASE 0 FREELISTS 1 FREELIST GROUPS 1 BUFFER_POOL DEFAULT FLASH_CACHE DEFAULT CELL_FLASH_CACHE DEFAULT)
  TABLESPACE "SYSTEM"  ENABLE
  ALTER TABLE "ESEN_STUDENT"."USER_PROFILE" ADD PRIMARY KEY ("ID_PROFILE")
  USING INDEX PCTFREE 10 INITRANS 2 MAXTRANS 255 COMPUTE STATISTICS 
  STORAGE(INITIAL 65536 NEXT 1048576 MINEXTENTS 1 MAXEXTENTS 2147483645
  PCTINCREASE 0 FREELISTS 1 FREELIST GROUPS 1 BUFFER_POOL DEFAULT FLASH_CACHE DEFAULT CELL_FLASH_CACHE DEFAULT)
  TABLESPACE "SYSTEM"  ENABLE
--------------------------------------------------------
--  Constraints for Table USERS
--------------------------------------------------------

  ALTER TABLE "ESEN_STUDENT"."USERS" ADD UNIQUE ("EMAIL")
  USING INDEX PCTFREE 10 INITRANS 2 MAXTRANS 255 COMPUTE STATISTICS 
  STORAGE(INITIAL 65536 NEXT 1048576 MINEXTENTS 1 MAXEXTENTS 2147483645
  PCTINCREASE 0 FREELISTS 1 FREELIST GROUPS 1 BUFFER_POOL DEFAULT FLASH_CACHE DEFAULT CELL_FLASH_CACHE DEFAULT)
  TABLESPACE "SYSTEM"  ENABLE
  ALTER TABLE "ESEN_STUDENT"."USERS" ADD PRIMARY KEY ("ID_USER")
  USING INDEX PCTFREE 10 INITRANS 2 MAXTRANS 255 COMPUTE STATISTICS 
  STORAGE(INITIAL 65536 NEXT 1048576 MINEXTENTS 1 MAXEXTENTS 2147483645
  PCTINCREASE 0 FREELISTS 1 FREELIST GROUPS 1 BUFFER_POOL DEFAULT FLASH_CACHE DEFAULT CELL_FLASH_CACHE DEFAULT)
  TABLESPACE "SYSTEM"  ENABLE
--------------------------------------------------------
--  Ref Constraints for Table ACTIVITY_LOG
--------------------------------------------------------

  ALTER TABLE "ESEN_STUDENT"."ACTIVITY_LOG" ADD CONSTRAINT "FK_LOG_USER" FOREIGN KEY ("ID_USER")
	  REFERENCES "ESEN_STUDENT"."USERS" ("ID_USER") ENABLE
--------------------------------------------------------
--  Ref Constraints for Table ADMIN
--------------------------------------------------------

  ALTER TABLE "ESEN_STUDENT"."ADMIN" ADD CONSTRAINT "FK_ADMIN_USER" FOREIGN KEY ("ID_USER")
	  REFERENCES "ESEN_STUDENT"."USERS" ("ID_USER") ENABLE
--------------------------------------------------------
--  Ref Constraints for Table CLIENT
--------------------------------------------------------

  ALTER TABLE "ESEN_STUDENT"."CLIENT" ADD CONSTRAINT "FK_CLIENT_USER" FOREIGN KEY ("ID_USER")
	  REFERENCES "ESEN_STUDENT"."USERS" ("ID_USER") ENABLE
--------------------------------------------------------
--  Ref Constraints for Table EMOTION_FOOD
--------------------------------------------------------

  ALTER TABLE "ESEN_STUDENT"."EMOTION_FOOD" ADD CONSTRAINT "FK_EF_EMOTION" FOREIGN KEY ("ID_EMOTION")
	  REFERENCES "ESEN_STUDENT"."EMOTIONS" ("ID_EMOTION") ENABLE
  ALTER TABLE "ESEN_STUDENT"."EMOTION_FOOD" ADD CONSTRAINT "FK_EF_FOOD" FOREIGN KEY ("ID_FOOD")
	  REFERENCES "ESEN_STUDENT"."FOODS" ("ID_FOOD") ENABLE
--------------------------------------------------------
--  Ref Constraints for Table RECOMMENDATIONS
--------------------------------------------------------

  ALTER TABLE "ESEN_STUDENT"."RECOMMENDATIONS" ADD CONSTRAINT "FK_REC_EMOTION" FOREIGN KEY ("ID_EMOTION")
	  REFERENCES "ESEN_STUDENT"."EMOTIONS" ("ID_EMOTION") ENABLE
  ALTER TABLE "ESEN_STUDENT"."RECOMMENDATIONS" ADD CONSTRAINT "FK_REC_FOOD" FOREIGN KEY ("ID_FOOD")
	  REFERENCES "ESEN_STUDENT"."FOODS" ("ID_FOOD") ENABLE
  ALTER TABLE "ESEN_STUDENT"."RECOMMENDATIONS" ADD CONSTRAINT "FK_REC_USER" FOREIGN KEY ("ID_USER")
	  REFERENCES "ESEN_STUDENT"."USERS" ("ID_USER") ENABLE
--------------------------------------------------------
--  Ref Constraints for Table USER_EMOTIONS
--------------------------------------------------------

  ALTER TABLE "ESEN_STUDENT"."USER_EMOTIONS" ADD CONSTRAINT "FK_UE_EMOTION" FOREIGN KEY ("ID_EMOTION")
	  REFERENCES "ESEN_STUDENT"."EMOTIONS" ("ID_EMOTION") ENABLE
  ALTER TABLE "ESEN_STUDENT"."USER_EMOTIONS" ADD CONSTRAINT "FK_UE_USER" FOREIGN KEY ("ID_USER")
	  REFERENCES "ESEN_STUDENT"."USERS" ("ID_USER") ENABLE
--------------------------------------------------------
--  Ref Constraints for Table USER_PROFILE
--------------------------------------------------------

  ALTER TABLE "ESEN_STUDENT"."USER_PROFILE" ADD CONSTRAINT "FK_PROFILE_USER" FOREIGN KEY ("ID_USER")
	  REFERENCES "ESEN_STUDENT"."USERS" ("ID_USER") ENABLE
